areaName,areaId,areaKey,subArea,parentAreaId
buildtown,57f67019817496af5268f719,rr591bbb78578375c81f557a52,N,-
nightclub raves-parties-fun,58181d33160c0d921301ea5f,rr5cdd015d66bc325298a23664,N,-
the future,58158ca9b5cfcb54137342db,rr614e96757f36be33659be49b,N,-
bluecastle,577610d2bdee942c18292f22,rr5880ccddefcc316c135ea484,N,-
rusty unit storage,5dec1622694e87358fbca429,rr5dec1d55d5629935958b1384,N,-
escaperyroom,5baab6a7034a4c056eb32389,rr5baab6a78bf127056e38d681,N,-
streets of anyland,5bccd0308909a03a0074429d,rr5df47b11d5629935958b13a8,N,-
fazzi's home,5871a13c6d204d1110ee0e07,rr5b04c39fccccc7617cfd47b8,N,-
superland64,5b445f7ccd6aec4bce6bcaeb,rr5b445f875f9c7e5a58032723,N,-
the moon lab,5d129543767ef20631829ada,rr5d16cfedd52023351f963011,N,-
anywhere,57f850ae668fbacd13637778,rr57fdb1705c53f8f81a85d39a,N,-
vault 112 - entrance,589269cab37feaae13bf02f5,rr59cada7ab3b4555d284aa030,N,-
body shop,58e36deffb5e0bb113a068bc,rr58e36dfa4eabd65b3f374f0d,N,-
central cinema,57b1a5403a204055538212e3,rr580903f04284ea4a1309c9e9,N,-
haunted woods trails,5973d74703f844a4138903ae,rr5edd4951622bdd7ff0fec334,N,-
the upside down hwt,59c6db8964aaf0ca1318316f,rr59c6db8d18fc5eb413ce6162,Y,5973d74703f844a4138903ae
bar whirl,5778c9f454ed9032183cd348,rr58c69715f2f5a59c136ad7f7,N,-
the underground,58c5afab54ad76a01374fbd0,rr6132d526e53e301529a3d6f9,N,-
overworld,5810f5b56af01ae90f753f8e,rr58a293bd2852ba9f137f5f3b,N,-
mrleadfellow's home,57fef2577f96509e1cc5342d,rr584869034f1647aa13d48013,N,-
fallingtolife,587e943eab0d5b8113c7ad54,rr587e943eef62338113170b99,Y,5833c783806faf7213ebdcb4
lunopolis,5833c783806faf7213ebdcb4,rr5878238d89b1486e13ceb1d1,N,-
mr-worms house,587f0d01a3e2c20815a5c8a1,rr587f0d014b8d2108152632f7,Y,5833c783806faf7213ebdcb4
nightmare,588eb66dd87deb961370fc3a,rr58e939a3f165ebea13e42d63,Y,5833c783806faf7213ebdcb4
offtozzz,589657a63127890d10c017cf,rr589657acd53a86c413c3f273,Y,5833c783806faf7213ebdcb4
hypercub3,5987169874ed51eb494633f5,rr5988b518246119d213a037cb,N,-
dataspace,5c469ae6231fb132b7b1d25c,rr5c469d94dde5bf32b72751f0,N,-
vault 112 - interior,5ab190cc82515d254e2c6050,rr5ab1a9d0de75502560ac199d,N,-
stretching room,59b19637f45aa620104ef3de,rr5bf86d3ad5a9a7650223124b,N,-
boocube,597cb994ef93d30d145664ee,rr597cb9b7a235d3351058ed68,Y,5987169874ed51eb494633f5
rustybot's home,5bb6693c236557585f156459,rr5f790bce618bc42a351cab41,N,-
electronics,57f6929bf6412bed1388c8b5,rr57f6929badd681ed137395ff,N,-
a fox place,5800d5b6c4a3ed6113da50d8,rr58566db6fad3973f1d1cc53a,N,-
fazzis island,587b448611054fae258933de,rr587b7c4ac4f411c013b3b2b2,N,-
jinx mansion,58291608f83d7a125f4aa898,rr6085d2abfc694f307f5de658,N,-
nightclub raves-parties-fun,58181d33160c0d921301ea5f,rr5cdd015d66bc325298a23664,N,-
fazzi's home,5871a13c6d204d1110ee0e07,rr5b04c39fccccc7617cfd47b8,N,-
anywhere,57f850ae668fbacd13637778,rr57fdb1705c53f8f81a85d39a,N,-
the moon lab,5d129543767ef20631829ada,rr5d16cfedd52023351f963011,N,-
sheep's basement,601776fab8b4dd054fc7a58d,rr60177840b2ea36212915d372,N,-
tombot's home,5b47b25c7a7e757a664223f8,rr5b47b25c1ebda57a66f56908,N,-
amp's build spot alt,5cb2af75fb0ce72671539f97,rr5cb2af7e584efa703a68a7ec,N,-
amplicorp private lab,5fbf0f8bc1f28e28c1c4e2a4,rr5fbf0f9fc3fafc659ea993c7,N,-
noobzone,57fb13b223bde029116f91ed,rr57fb13b2ab22d42911914d0a,N,-
hypercub3,5987169874ed51eb494633f5,rr5988b518246119d213a037cb,N,-
rustybot's home,5bb6693c236557585f156459,rr5f790bce618bc42a351cab41,N,-
boocube,597cb994ef93d30d145664ee,rr597cb9b7a235d3351058ed68,Y,5987169874ed51eb494633f5
jinx mansion,58291608f83d7a125f4aa898,rr6085d2abfc694f307f5de658,N,-
inside the tardis,5805c37fc49961cf28d6aae2,rr584868efbe101d410e05e4c9,N,-
block city,585888ebe110c1c6227bad6b,rr5860b406d8164c7313ca4d5a,N,-
art train,587d7077ca817b19107d3619,rr587d72fc0d5f654829c58e10,N,-
five nights at freddys 1,5847f19601cb1be810b8e836,rr584a017e0a1e731d10cd5a9a,N,-
cabbages,583b2a8aa964741a106c594b,rr5a6e2cf21fd854c1138fba54,N,-
rusty academy,5c4391a3c5430b583c30674f,rr5c4391a39fab45583c6acb42,N,-
the tavern,58c1bbde637119fb13016548,rr5c0416d20155b0650f0e12be,N,-
frog mansion,582f5065af8797a16406c398,rr58c4ad7ef78781e711bfa7b0,N,-
nebulacn's home,57f8c8c34f6a7c6a15b3cbe7,rr58b196c06075ffe714c5d6b4,N,-
archopal's 2nd home,625c84daebe5c404877fd641,rr625c84daa2999704873db202,N,-
swoggity's place,61dc9e824cbcdd7a31b64a6f,rr61dc9e8281c9ba7a31a4ba36,N,-
welcome-town,58037a75e0f5aa4e139143b3,rr58037a75c2d2eb4e13e83258,N,-
church of philipp,589df93de1e50591133c2d0f,rr5c77ce6c15277032a2031ebd,N,-
time keys,5971bf1943c229ef3003f9fa,rr59f888a69e7894bc13a8a63d,N,-
sheep zone,6003833e11e60605a2d7cb16,rr600a50c424badd5aa1af805c,N,-
the varga,589f9e1135aab8a413e9f4c0,rr5a2d526a1f3356221021851c,N,-
amplicorp park,5a8709cac2665dd513158b4a,rr5a8709caef6c5dd513b255a6,N,-
laser tag arena,57fc267a6b4f4f7d13e9c8bf,rr57fc267a72c1397d13d73fdd,N,-
pvp fight,57f6b82b83be327f1407b79f,rr57f6b82bd698687f14836fb6,N,-
fazzis grove,58870e15203d04de32b26cea,rr58870e1c600cf01a107ec5e7,N,-
swoggity's home,5f65317630e9206e0fd39391,rr5fb8435b6cf2b226e21b272c,N,-
longhouse,6057be4bdf5e600545e7e1cd,rr6523145d3c8c4352a4b479fe,N,-
weapon collection,57f8e735bc75113c12ba8c45,rr57f8e7352df5743c12729896,N,-
desert garage basement,59dc48c41db027ee134b6cb0,rr59dc48c42553fbee13c46959,Y,58f194024c28e9de1323d004
desert garage,58f194024c28e9de1323d004,rr59f24296e3f263be13572e83,N,-
the hive,583413f5cc12caf00fc2bc53,rr586f2be945aefc0418615366,N,-
nic wardrobe,587be6c2f03d6e80133c5e9d,rr587c12c96ec0f0a22511fec5,Y,57fa1a9a062bfb6013e320ea
nicolas cage's home,57fa1a9a062bfb6013e320ea,rr596f0580e8be1eac13440fb1,N,-
halloween town,57f9c4edbf3d8ea711ce97ff,rr57f9c4ed370336a71140201f,N,-
animation zone,605e6edd3c7e3405279780ea,rr605e6ee53e94ec052d7bad23,N,-
groove pool,59271c6bce0f533610e495c9,rr5bb0d96e4539b705836e08db,N,-
jurassic park,588002945a6e169613cff414,rr58800294fe03199613ca8067,N,-
stratus,5d27aa4f140a26792a82cc43,rr5d27aa53b93b457924e65126,N,-
zeta's jukebox,5b6686c83204100709bb4be4,rr5d968761c5914d062a8eabea,N,-
dari's hidden cave,62cce3aa479a721904d3114d,rr62cce3b072c42918fd9c59ae,N,-
savedjbarc,6175a9bca3d9d21bd27021a8,rr6175a9bce93ac11bd24478cb,N,-
jboi arcade,6082f45490f0fe25aff47599,rr6142683aa9747d346b9060fe,N,-
lenzic's home,5b773104031d397ea66e1acf,rr5c4370fd7d49bd2556cb6d35,N,-
the mountainside,5bbd3b50fca90d549df8c2cd,rr5c3bb30064ac4831856d6841,Y,5b773104031d397ea66e1acf
sloppy mcfloppy's home,5c77a5add3d4f8514e338204,rr5d27a16fa19e7e0762e1fb61,N,-
jinx apartment,58c23022ee11752310050eec,rr5d7ea45f406789062300ef44,N,-
jinx hub,5888121e6840418613caf283,rr6085baf748c005054cc89be4,N,-
sgt acids place,58352f45e68e3ab873157d2d,rr58a5e8595b54d87d720669f0,N,-
acids avatars,5844253a0d2d168613fcbe0c,rr584425448f3c27911384b407,Y,58352f45e68e3ab873157d2d
purity showers,5a0ea2d592c5049f13190574,rr5afcd98dad1ec1110a9c7c53,N,-
jojokes apartment,5aad736b91da310ff9539c19,rr5c526c4b7c6bd3237de20005,N,-
cjramos22's home,5c71f188e59c5e5b788bbebb,rr5e2bfcab0cdb8a287e83f549,N,-
judgement hall,591211c7d8fa6df313af8cc6,rr59445c22156ff7b013e636dc,N,-
club n party,5877bd9187397b7b14908eea,rr587d4364a3e500691314fc29,N,-
turbo town,5b2c1a637424986eb1d6aafa,rr5b2c1a63d8ff6a6eb132a0ad,N,-
turboblades's home,5b2c06102e5a730f789e7436,rr5b2c0610da98c80f78a8e717,Y,5b2c1a637424986eb1d6aafa
just another place,5b3b267547c8ae5b9b8eb4a1,rr5b3b26759d175f5b9bf12482,Y,5b2c1a637424986eb1d6aafa
shingeki no kyojin -aot-,58549e634f4f76101080b84e,rr58549e63789cbf10102071da,N,-
jadith's home,5ad995144a42996f7934d75e,rr5af61fed97ce210f83a6ae10,N,-
cheesy's getaway,5c897545be6c200562786576,rr5c95ba215613be26ef384aa7,N,-
temple of mj,58bb3e431f7e002610c6ec78,rr58bb3e436a8a0126109c0607,N,-
the lighthouse,5c58a8b3513c2b109f8d3bb0,rr5c9f89d6e9710905623d72d3,N,-
everyone is john classic,5b9303aa08728c4bd3e83b48,rr5d01659d1a4ff87049f92618,N,-
gaming house,5af62277d1bbdc50015afa38,rr5fb2e9393d905f44ecda634f,N,-
wckdjay2's home,58f95d5584084d4c1466e5d1,rr58f95d553197e94c14c53037,N,-
majhjong world,5806f9eebd92f467133d7908,rr5806f9eecd47c36713636b65,N,-
sloppy mcfloppy's home,5c77a5add3d4f8514e338204,rr5d27a16fa19e7e0762e1fb61,N,-
music studio,591cc9cbc30bab9b13ae3805,rr59e43fb0d7e140744ba6a4b2,N,-
-ping me-,5add11ccec262303241d8883,rr5b8c2bf573c6570567e7fa28,N,-
winterland,5828bd40f83d7a125f4aa876,rr584f31b8886dee64137a545c,N,-
hello kingdom unit room,5b127351d8f76003d2db5e7e,rr5c491286bd03c1487b300bef,N,-
sullys bar,58e36eb9f0c5324f3fc6b703,rr58e94b32c9080d9e13d56d32,N,-
house on the haunted woods trails 3,5cf74407d367810629426380,rr5f6d5f3fd9cfdf6e1658c7e2,N,-
insect kingdom,5805416611c61476135007c1,rr58e2f1738e3958833db64063,N,-
walkers apartment,58b5f63b0d0faee513f49fae,rr5b85ac5b8d503d7e6ab0db2e,N,-
the bukkits home,59ce8f892df64b1f2f1f38dd,rr5b94580df0bd6e26c13b539b,N,-
lynks apartment,587e906429820dda2c88320f,rr5ababad8a72b0c0fecdac699,N,-
black mesa,58a202e5b6b22189725e07e4,rr5998c7ddaaff041e10feee42,N,-
sans and papyrus house,58f95ffa84084d4c1466e5d5,rr58f98b0ce109455d3836664e,N,-
futurama,5a7786e3106d4ce70fae7e38,rr5afd4b29e783300f7e5ab7e3,N,-
transporter room,5802c26453cefd69139c5bd3,rr5802c26946341fce13e207c8,N,-
newcomers,5b6f1758a28b7c74d11efc36,rr5c3e7320ffe67a1e0811a436,N,-
mos eisley cantina,58bc801f26e484a013a622bc,rr58bc80242c5c871d10674100,N,-
the armory,58028f8610b42ea11364fba2,rr580696f93fb00d5c1343df06,N,-
quiz show,58e0856d2b1c56e634c86160,rr58e0856d4e822ae63406fc82,N,-
spiders aquarium,58fcff0188afbf5c3866b80c,rr58ffb6758213e35e42f3515d,N,-
rusty hq,5c7af837084dbd0560cf75fe,rr5c7af837248ecd0560c21788,N,-
reduckted,6052e5d52073160545852309,rr6052e5d5cff72c05450ac286,N,-
my-quiet-place,5b56dd9ffbcb3d688ae52c32,rr5b6936400326d40dcdd8f6ba,N,-
12333hjframzftuiomg aq,5cea63f9e38b3431e80bc61e,rr5cea63f957f6ce31e812f1c4,N,-
zonavrqro01's home,5d646214203e4b062a064685,rr5d646214def35a062a4023f9,N,-
anyfleet hq,608cf2f25a2152054bcedbe3,rr608f0147868ee70545bb2fb1,N,-
quest test,5c45db15da89d12f3d9d70ac,rr5c45e9e4c97db30557d0c2d1,N,-
the globe,5c3544666aa3fd0542691c6a,rr5c3e20d55c0c8f254fd98480,N,-
anystudio,5a73b53f6117a8dc0f8d66a3,rr5a7a1f3d49b8956913abab83,N,-
anyquest,583c23b71f98989e7d27f78a,rr583c23b7691de09e7d4574c0,N,-
queenxhype's home,5c7ca20d119b47724d0b5244,rr5c8462acbae035052793cd58,N,-
whitesquare's workshop,59f4a6a650b3fbac132d5e2b,rr5bbd5524b39ab10572834356,N,-
confession,5bd29155f393013a06f2b7df,rr5d5dee13a861dc63ad01b9c3,N,-
tquigley7777's home,58463611e645aa1b100e0506,rr58463611cafe921b10a0ff2a,N,-
seventy enterprise hq,5f4432e256dc833193905041,rr5f4ef8f5fad1b8630c0d4eb1,N,-
portico,5c3e5cd25606e0255ca6874a,rr5ca5fb79366dc7642147dbef,N,-
sirequick's home,5bfdf14a021a9d67791479d3,rr5c082f98571e05055ace31ba,N,-
qwertyuiop,58acbd325ffbec3010b3e61d,rr58acbd321a06723010d412d9,N,-
mantra hq,5fcae45a00fd376591dc8b83,rr5fcae46bbef86f1a63236b86,N,-
cervtech biodome,5ccfd2a2e2908e3aa1cb902a,rr5ccfd2a28958d43aa14bd030,N,-
quark starfleet,5e196569484d4271592ca911,rr5e1965693414c77159e4e184,N,-
sirune's study,60c961f76b2c2c1656264c71,rr60ca681e7b4ed017f255c72b,N,-
op4 qaz's home,59d05a8f953163291034a08c,rr59d05a8f570a7829105ec696,N,-
q bert's colliseum,5c9ff3e08df0ef056fbf7e0c,rr5c9ff3e0e330d5056ff34e03,N,-
whitesquare's workshop,59f4a6a650b3fbac132d5e2b,rr5bbd5524b39ab10572834356,N,-
sheep's avatars,6070b6116a176b1a1ddfedda,rr6070b618ff9e7705542da63b,N,-
nslave mining outpost,5ca615a83280bc15f1e2ed85,rr5f2f24d2ffb22b70ed924eb7,N,-
other-people,5913d292d72797ae13a9c0b2,rr5913d2926e159aae1321b927,N,-
drumstick's testing place,5d93916865465a0628d17ed4,rr5dcc21d7c874731c64f532b5,N,-
the fairy fountain,58ec74155db7dccc13fe35a2,rr58ec7415517ef5cc133613d0,Y,58a1ecd55c0ebbd513686d5a
hyrule adventure map,58a1ecd55c0ebbd513686d5a,rr5c8e12582be0a26d523f7178,N,-
inexhale,58b78dbf09c7ceda1357e91f,rr58be195f03b3b28109d370ee,N,-
rex's true home,5eff35be53a70f0634bbb68e,rr5eff360ffb37f2361c2a8dfc,N,-
rex538 build station,5c8c1dcec241066d4666bc1c,rr5d8751853a268c062c81f5a0,N,-
maxtrombax's home,5ca9eb05eb795e2f9768a930,rr5ca9eb0528f8872f97875c06,N,-
dari's playground,5cf33161c26fd906370b76a6,rr61a6aaddc58af04e31ea391d,N,-
isle of styx,58413d84bb0909927d65f162,rr58ef6ffa9faedea01363e4ec,N,-
beach city,5869427ba42b096613bbcc60,rr5cc22e47ff080b056c01ffa0,N,-
boardwalk,590be1ff8ba9a24d71286de7,rr5b302685800c8d28b2925859,Y,5869427ba42b096613bbcc60
home of a fox,585681c1fe3a810f107380c5,rr587a9e036ec0f0a22511fec0,N,-
the after party - zw,58293f090ae3375b132c42e3,rr58293f0983bc1f5b1316f568,N,-
universe rpg,5a00d878429cbb27105f3bc3,rr5a0615ba20cba933109a3aa8,N,-
firing range by laxawp,588e7ba5152a11ac13f8dd42,rr588e7ba5fdae61ac13d13b24,N,-
sandboxland,586870f4a0873f15107abd78,rr586870f436b07c1510d56440,N,-
xau's hub,5b81ea777c173a4914ada046,rr5c3a4c2d5441ea056029f64a,N,-
experiments,58f97d73aea6392a104f650e,rr58f97d73c442cb2a1078338f,N,-
mountain pass,5c9031b1b6063d18b4eb9ade,rr5c971db5cef9454a484a4cdb,N,-
the cat box,5955c4fa530e98b1134f6271,rr5955c4fa40f111b113b1654b,N,-
virtualax,5953417a96ab2e1b10fd0b80,rr596dbc86a1a99cdc1389b94d,N,-
[--Processing wordlist: wordlist-2-dashes.txt---],,,N,-
anim zone 2,5bb824cd213225585909495b,rr605fc528577dba2972e3f779,N,-
amplicorp plaza,5f6fb63ab516d76e10e95d5d,rr5f6fb63a58eb1e6e10b72d7c,N,-
z00rland,581fa87aa19b1ade0fd58f13,rr581fa87a73c3e4de0fd88ae5,N,-
puzzle rooms,583ef848bb0909927d65f095,rr583ef85835a59981135bf6a3,N,-
emilys apartment,58c1f349552e9a3210e5cb8f,rr58c88dc3a265cd2b101ac5b4,N,-
zombie sim,58956a2ee567deba13f4e9b9,rr58956c76133ad6c613fffa75,N,-
zombie sim 2,58a3f692eefb1f8b727d7f74,rr58a3f692b2f0688b72d9a6de,Y,58956a2ee567deba13f4e9b9
broadcast station,58803a2bf6f3c9fd2e43dc4d,rr58803a31d7b918f72e6fa446,N,-
shooting range z,581cbf1e6dfb76fa54e57edd,rr581cc491ad08ec7c13be8d27,N,-
zap lounge,587d91dbe14fb69613f8c2ce,rr587d956aa743827214575739,N,-
rezz city,5a514c65b7c78e2077c4636a,rr5c12c2192a02bc6f77aae44e,N,-
art plane,58d9cfe9130927cf134ea778,rr58d9cfef89d79b2b10ed8970,N,-
zeye's home,5818b621596123eb4ad44798,rr581d0ff8551a788713e42490,N,-
zipp's trailer home,5c19822461d6a30551a77c4d,rr5e40c38f378eec2877e0259b,N,-
uncivilized's home,5b54ebd13fea0a67a4b548f6,rr5c32475f83c166317e7b8479,N,-
[--Processing wordlist: wordlist-2.txt---],,,N,-
z-a-p forest,59e7d9427e6853a6135d409c,rr59e7d9420872a8a613a6a355,N,-
 vz-homeworld,5bb15aa9b82e8f7568c9bf04,rr5bb15aa9497321756838eaf9,N,-
craz-ie biscuit's home,5b3206759d250c2e0ac8f2a8,rr5b320675af37112e0a8aeac6,N,-
siracz-75e's home,5ac57d6f9f65d9339547b096,rr5ac57d6fffc2a9339505140a,N,-
 z-h-r 's home,5b2047168b75da1e6b10fe45,rr5b204716a114781e6bb3442c,N,-
[--Processing wordlist: wordlist-2-dashes.txt---],,,N,-
[--Processing wordlist: wordlist-2.txt---],,,N,-
[--Processing wordlist: wordlist-LLN.txt---],,,N,-
louwizz93's home,5db9eb4feacf3d0622a705e7,rr5db9eb4f62bfce0622d605a2,N,-
chrisrtorrez96's home,5ca2f98a6af1a777c718b2b6,rr5ca2f98a4c305a77c7e36a9e,N,-
kazruiz98's home,5bc2649ffca90d549df8c411,rr5bc2649f34de94549dafd4e5,N,-
jredz9's home,5c3bbdcd12560305578c6051,rr5c3bbdcd964b4705573cd88d,N,-
chriscruz994's home,5c968743e112910565aa651d,rr5c9687431351230565a1afd6,N,-
datz92's home,5cc99b64fb0ce7267153a972,rr5cc99b6466f5e3267152483e,N,-
diez974's home,63b99d9d9b30d405e9da7869,rr63b99d9d6e519505e99bc4e0,N,-
mavland,595490b95d0d0d356d512eb8,rr595490b96b5b79356d1d6ffb,N,-
lvlywdnsdy,5fc2144314dae71a6aa96225,rr5fd13890e2f956054bd83fb1,N,-
[--Processing wordlist: wordlist.txt---],,,N,-
[--Processing wordlist: wordlist.txt---],,,N,-
ex-reality,5a6a3775b55ef67213a754d2,rr5a6a377533df217213b5db08,N,-
temple of baal,57f6f9a8fafab94713623fd7,rr57f6f9a8ae3ca4471314cf61,N,-
aaj shared,58445184d65070987d4b860e,rr58445184e2c21c987d7c2266,N,-
penxyaaz,5921f07e62687abc13202093,rr5921f07e476dafbc1337ac8a,N,-
aardvark hackathon,5f6d4feceea00034bc5f87f5,rr5f6e19121b3e684183bb35a6,N,-
khupaar's home,6477b1c33ae8af472043753f,rr6477b1c3dc2e044720648f5c,N,-
aap topi's home,5dba415c39effe115f71adbe,rr5dba415cd6209c115fe104a4,N,-
aaayayyyyya's home,630cbed7acd1261ef50dff42,rr630cbed74cff871ef5a6e126,N,-
emaemaaustin's home,629bf3bb89611a1f76dc99f7,rr629bf3bb1cfd461f76cb37ed,N,-
codyaaron12's home,60f6f2ee05d0967764a22759,rr60f6f2ee585b37776405b6c1,N,-
crittaas outback dunny shed,595c9b731fc4ed1510e73bfd,rr595c9b7311c3be1510896760,N,-
ghaaland,5a42fdebca19b2191064620c,rr5a42fdeb571b1f1910db3885,N,-
raaawwrr,5a965f9ea660e87413480eab,rr5a965f9ef7f209741385cf0e,N,-
haagowhiskey's home,5bdf70a5d2760b5a33b9aca1,rr5bdf80e4c8a8ce5a3f468244,N,-
fistf,,, aaahh nvm,5ffb73a3618eea2fcc01d5da,rr5ffb73a3225dc72fcc327773,N,-
humuhumuapuaa's home,5edd377f56d3642ae3470cb4,rr5edd377fe70ba32ae35c4581,N,-
very   gaaaaaayyy,5a5be781d23aea6313aa26d9,rr5a5be7812fc4c063139b07ef,N,-
aaaaaauuuuuuuu77,5805224c0ba7464f130e1df8,rr5805224cc5e6114f1398b640,N,-
the waaagh,5b617d7c5c2ce84fa1c1522c,rr5b617d7c09bb4d4fa18589b7,N,-
eeeron maailma,5be57ecee653ab0559b83a1a,rr5be57ece4449af0559800d32,N,-
naaron's home,59dd37c88f89582e10863a49,rr59dd37c84147a12e10db6f25,N,-
naax's home,5a5d0bc16827d9f10f2db6e4,rr5a5d0bc142f2a3f10faa8f76,N,-
aarons place,5814e647f024d2de0f4bb4c3,rr5814e647c328f9de0f14036f,N,-
naa's home,5a5940dffb8a65ae067bea11,rr5a5940df330d10ae0695add3,N,-
aarons1980's home,5cae8346a22a99055d5c04e8,rr5cae8346ce55bf055dffd6ca,N,-
manaan - ahto city,5be8de92af0e850549409e84,rr5be8de92280d8a0549d55d6d,N,-
friekandelspeciaal's home,60034e18871db705412a6b28,rr60034e18a126c20541adffcf,N,-
alaadin91170's home,5d1074a2b7fee3063ac4b332,rr5d1074a2a988ee063a3e8d3d,N,-
gaame aerea,5d35be2574304635373f2bf7,rr5d35be2533272c3537b62318,N,-
gtkaanaga's home,5ab6bd7ad7842f2c86e78480,rr5ab6bd7a8794c32c86f94957,N,-
raaawwrr,5a965f9ea660e87413480eab,rr5a965f9ef7f209741385cf0e,N,-
fistf,,, aaahh nvm,5ffb73a3618eea2fcc01d5da,rr5ffb73a3225dc72fcc327773,N,-
very   gaaaaaayyy,5a5be781d23aea6313aa26d9,rr5a5be7812fc4c063139b07ef,N,-
aaaaaauuuuuuuu77,5805224c0ba7464f130e1df8,rr5805224cc5e6114f1398b640,N,-
aaaa's home,608051354a4bae05409f29f2,rr60805135ae0ed80540c9cd16,N,-
fffaaacccuuu's home,6024491657b1280542581c69,rr602449169c28620542216d59,N,-
thablackmambaaa's home,5a89ba9e615b6769138775e2,rr5a89ba9ef6b54e6913750a37,N,-
aaa's home,5c2989cd8436ee6f7daa6e4c,rr5c2989cd86a1676f7d0e10ff,N,-
mlgdogeyaaaaaaaaaaaa's home,5c5789540310cd5ce6dc18b8,rr5c578954dcb97b5ce6aa0b09,N,-
the waaagh,5b617d7c5c2ce84fa1c1522c,rr5b617d7c09bb4d4fa18589b7,N,-
faaaf's home,5a770ee203fa92a213a54b06,rr5a770ee250a9b0a2134c1735,N,-
aaaaaahhhhhhhhhhhhhh,5a1a627972e796ab133e9206,rr5a1a6279bc40f8ab133cb653,N,-
aaaaaaaaaa,6240a1d4219be91c4b0d29da,rr6240a1d4f2508c1c4b89ac85,N,-
aaaaaaaaaaaaaaaaaaaaaaaaaaaa,61991f92716fc579c11b3202,rr61991f92f3857479c1f11675,N,-
aaaahhhhhhhh's home,5fffc9ee2e95236a03db9c9a,rr5fffc9ee11d81d6a03f73bb7,N,-
yaaaasssssssaaaaassssssyes,5f6989a4a8c6cc38fed45278,rr5f6989a48f3ca438fe2e3122,N,-
testingaaaaa,5d76f9f0565d5720a3a6ab98,rr5d76f9f05d84dc20a37491f2,N,-
jadotaaattv's home,5d528e61a83fc6062ac1fdd6,rr5d528e61b6ffe0062a90f093,N,-
aaaaaaaaaahhh's home,5d0f6ae2763d615420959511,rr5d0f6ae2de1f36542014787a,N,-
my amazing plaaaaaaaace,5cf2e2b0e440490624a69335,rr5cf2e2b003f5220624df1a8f,N,-
mcarnoldhataaa 26's home,5afc6e2695e4ef6112cf79bc,rr5afc6e26653a6861129400d1,N,-
yaaaaay,5ae6559ca542ac79d640d09b,rr5ae6559ca069c679d6b4f2b6,N,-
rutland aaa's home,5adc3102753c720323f0bff2,rr5adc310285e4000323223356,N,-
vaaaaaalojvenvlhaer's home,5a329abac254789f12eb84ee,rr5a329aba12d26b9f12010765,N,-
3vlmtalaaaaaaaaa's home,59be3534c358cc9614df24bd,rr59be353427aff19614f09526,N,-
joaaarrrr,586371646e3cd10e108c364b,rr58637164acc43c0e10dacb81,N,-
test test aaa,5856eee2b6250d4b1dde518b,rr5856eee2cefd694b1df5e009,N,-
isaaarcos's home,61dc28f15d55a67a2582bf07,rr61dc28f1ef42417a25c4efb5,N,-
aaronhowser1's home,59fcf9932f08983d7fb7114c,rr59fcf9932d21793d7f448ba2,N,-
aaronmearswtf's home,5f75e4aefe99c863186cf4db,rr5f75e4aecee39563181583b0,N,-
aaroneoushubris's home,5c03ddcdc8f9ed644c751a73,rr5c03ddcdb7748a644cac0ed5,N,-
aaronkennington's home,5c2bef644d67fc6f6091fd0b,rr5c2bef64ca91966f60d8775d,N,-
aaronsnobel's home,5a9b4220b5d40494132d08a9,rr5a9b42204dc48a9413449b91,N,-
golden-aaron's home,614f60b15e3d2605ee36db99,rr614f60b15cf1c405ee204d7d,N,-
the mushrooms habitat,57f92b51668ae5b41677d471,rr57f92b51783eb4b416879b4e,N,-
abandoned observatory,5f889bf6fe99c863186d22eb,rr5f9a9a45c698f70533ec1b22,N,-
scripting superlab,5ba3062920d64e62b9d341a9,rr5ba30631a17bb004a3054089,N,-
aperture laboratories,598183b830b638b013658b83,rr598183b83154b3b0132207df,N,-
silverheart,5774f3eb54ed9032183cd311,rr58c6963c7b86dceb138f6cbd,N,-
the dragon cabin,5b4a71a87587e77a6d8422b5,rr5d322beb0b94447c30727812,N,-
evil lab of evil,58eab9b5737c5a2410fcaf37,rr58f11c47d9e28bda13f0e081,N,-
true lab,592cc2215fa679c713b1ba5c,rr59b095c9123cd2e776d315ea,N,-
d&d cabin,5abc221dce7e9f0feb704a7d,rr6373e4d94c6f3153aa64b0bf,N,-
birbys humble abode,5ada9bccc063400fd5f6a0eb,rr641be071e1df4356339153f2,N,-
anymon center,58e72f541dc715c848e241e9,rr58eadb6a13ae00b413f3b47c,N,-
gabgab01's home,59c939600269923f26d0bf95,rr59d7f3bc0be038bd3cdc9ec2,N,-
avatar shoppe,5f8ceb687a4ec8631f11733b,rr61a7eb3343f6114cea8a2667,N,-
birbys lab,5b571482a13f092e47b6c8bf,rr5c16b22583c166317e7b82d2,N,-
furniture store,59c196bb083c992f1077f0ad,rr59c196bb7048532f1099ef41,N,-
null test lab,57f6e89bfcaa704054086fd6,rr57f6e89bb7b1184054046016,N,-
the abyss,59cebd14050b6ec61368135c,rr5b1826b8be086f0f8cf0aa97,N,-
the fortress,5ccf7fa6a397673aa0965eea,rr5d282fdc9928c8353de33ed0,N,-
the void in between,5cd4efe747c6530ead231c31,rr5cd4efef4097073a2c1bd82d,Y,5ccf7fa6a397673aa0965eea
 dabcity,5836269748fc909e136d7da7,rr583626979499619e13e3dd8b,N,-
lightsaber dueling arenas,58a3c296b6b22189725e08e7,rr58a4f1cea946852110a9ccbd,N,-
archopal's home,5b746d16b5d90701c192dac6,rr5d2b1ff8de03c306247bc672,N,-
hotland lab,5a580c9359c4b16f132ee7e0,rr5a580c99928156681373b788,N,-
doc's lab,5e76954dd18bd43f91294dbb,rr5f42f6fef0ff3531868c205f,N,-
lenzic's cabin,5c4a5c827f0e4028ce872fc1,rr5f87875937dc0a631f2d4812,N,-
archopal's home,5b746d16b5d90701c192dac6,rr5d2b1ff8de03c306247bc672,N,-
abandonedmind's home,59d037aecaeb44252f188de6,rr59d037ae8d1ee7252f89a429,N,-
archopal's home,5b746d16b5d90701c192dac6,rr5d2b1ff8de03c306247bc672,N,-
abandonedmind's home,59d037aecaeb44252f188de6,rr59d037ae8d1ee7252f89a429,N,-
ali abbasi7377apap's home,59e7abc106ee6593550c8028,rr59e7abc1720b7b9355e42a5f,N,-
weyrd old cabbana,58372fadde876a1810e227a6,rr58372fad5710f418107d17eb,N,-
fuckincabbages's home,5ba2ab9731aa4871b6e9727b,rr5ba2ab97b55bfc71b60f5331,N,-
loaf of cabbage's home,5d49d6b429595f06291eac83,rr5d49d6b44148a20629c560f6,N,-
cabbar django's home,5af5468105d8cb1b37d876dc,rr5af54681484ffa1b37e77fa8,N,-
tabby mc tabbason's home,5ec641b80f3a2e78808849a2,rr5ec641b8898e997880148284,N,-
ilikecabbage's home,607c2a9b6b59190548b91d77,rr607c2a9b95fe3805481a116f,N,-
123456789abcdefghijklmnop,5d7169e167e7f50623e12705,rr5d7169e18557cb0623535373,N,-
abcdefghijklmnopqrstuvwxyz,5c1bf269ea1f546e4855df6e,rr5c1bf2690683096e48b5e9b8,N,-
abcdefghijklmnopqrstuvwxyz's home,5c9047988342cc4a80ac9c04,rr5c904798b0b6824a80e1b0a7,N,-
abc's home,59f4e3f0e7d9b88713ccb00f,rr59f4e3f0ca7a468713dcbcba,N,-
123abcccccc,58a177d13025d10c10360ba0,rr58a177d13e44740c109c1694,N,-
babck's home,59df76eff504e1c613e13059,rr59df76ef828720c61321f6bd,N,-
cptcrabcakes's home,5d0349f03a4be050ef93e965,rr5d0349f054277050effb73f8,N,-
abcdavid's home,5ebbf6b67c96880623b19c32,rr5ebbf6b61b4ef6062340611c,N,-
abc silverline's home,5ecad2c9e27748062ce4efc3,rr5ecad2c9f6ff5e062c1a8da6,N,-
improbabilities's home,5a05227aa25dd33a0b58193e,rr5a05227a3776a43a0b06f0b0,N,-
iamaliability's home,62aa386e6185de12a510bf3e,rr62aa386e0eb0ca12a51b8c83,N,-
unspeakable horrors testing facility,5a5d590c13af798f1326fff8,rr5a5d590cb50c9d8f13cde2b3,N,-
oops, this area name is unavailable,5ee147ff07e48f2fecff80d0,rr5ee147ffcb2b672fec54c46c,N,-
disabledios's home,5c99df900a4c314e0a6d90a7,rr5c99df90e9d9aa4e0aef61b8,N,-
mastergabler's home,5cce08e63a6a3805664715b9,rr5cce08e65918630566ebdee1,N,-
moldable's home,5cd74f54e7ff455da4720962,rr5cd74f5428d5715da4e8e5bf,N,-
rape is acceptable's home,5ce593bcfbb65105612bc441,rr5ce593bcab78ea0561899a3e,N,-
prolapsable's home,5cef5dc78f4161062b557ede,rr5cef5dc7578d10062b441b5b,N,-
pewdiepie's chair,5cd28b61db33876e932cb054,rr5cd28b614980ec6e93a14b2b,N,-
graphics tabletop,598a515b74aa83a2133dd5e6,rr598a515f953c422e10225575,N,-
everyone is john,5e106f62f7221306228198b0,rr5e106f62834df906229cbda0,N,-
glasstable3581's home,5b4d1daa2e3ba33e2d1b1807,rr5b4d1daafa9a5b3e2dd19ff7,N,-
handicapable's home,59cb282f330d2f9d1307b879,rr59cb282fca02ae9d1352fbac,N,-
central paetyl,5cf5b4a179bbbe0630aa358f,rr5cf5b4a7c0dba9062aff6bf4,N,-
jin round table,5ea78cf2f785c03d3acff203,rr5ea78cf283a6633d3a2e89bf,N,-
table world,5aeaeb8b8bd5950f857b0e75,rr5aeaeb8bda7cd50f85eb2295,N,-
blind nabler's home,5bb236390540571c39d1a3cf,rr5bb23639d431c81c39ccb9a4,N,-
vantumbra,5c66757c3aa1a6286a4ffbb1,rr5c66757c0ffbdd286a95db9f,N,-
laughables's home,5ec215c814a1b978531efea8,rr5ec215c88463357853fd10f4,N,-
killer jables's home,5ce47ff714344052a51b75e6,rr5ce47ff742f9da52a5e48bb6,N,-
twablesmc's home,5d7d660451d6f320afb51351,rr5d7d66047019e620af328e8c,N,-
disposablefiend's home,5b8f613a33bb2e057f9603c5,rr5b8f613a55853c057f466b80,N,-
mrcableado's home,5fa7fbe0cff85205302df872,rr5fa7fbe0c9c79c05302a27de,N,-
unstable metalface's home,5a7127edb985d2b927dc32f5,rr5a7127ed156683b9279668a1,N,-
reasonablesteve's home,5bbe63078acc13610d83627f,rr5bbe6307664b04610d9a5f1a,N,-
honorableplayer's home,5c1354e5fbe56c6f83fe159b,rr5c1354e5e9e4706f831ddf3d,N,-
dipshit the intolerable's home,5c32c3c4030d21054ef88ea0,rr5c32c3c4a1dabf054e6c0d1e,N,-
imagine tables's home,5c3b62d3285ab86f59fd6b36,rr5c3b62d3e3eb3a6f5976b0f6,N,-
the core,598eab0192afcc8913eca3db,rr598eab09dbbd5f8213f372f6,N,-
information about ants life,5da223e8408284063083ddbb,rr5da223e828b51e0630200d27,N,-
420kabouter's home,5ff9d885870916142a9124d0,rr5ff9d8855a9e8b142a4bd2c1,N,-
con echoesabove's home,5efb63d15cbec024f4e918d8,rr5efb63d1d1d33224f41aca38,N,-
9later 5iriseaboveyou's home,5c5661e0e5654a1d93452ce8,rr5c5661e00004ac1d932cc043,N,-
mrsabove's home,5eb5c4f667a727196433d9ac,rr5eb5c4f6b9c2941964eb9f5b,N,-
abraham lincoln's home,59fe2d8d2f08983d7fb711ae,rr59fe2d8d2d21793d7f448bb0,N,-
abraham0508melendez's home,5bb90f7ae11818452d5927cb,rr5bb90f7a36af63452d71b9d9,N,-
birb labs,5adba547c756ba04be352693,rr5af4dcf4425f680f86927969,N,-
absolute hell,5b2ed8f1a9530b71a783f2a6,rr5b2ed8f10c91f171a7309b40,N,-
gabgabs steampunkworkshop,5dfdf2b673698806306cfe0a,rr5dfdf2b668e41e063087f405,N,-
green tech labs,5c4e320ae97dcf74b6856842,rr5ca01212d2a184055cae6b31,N,-
abstract tower,581135386e58e0ae4082713c,rr58118e42fe111ce30fd27823,N,-
limb abstracter's home,5c57ca6e0f573e1d8c732a86,rr5c57ca6eb5d6541d8cc5a300,N,-
sabsnake's home,5c95779b2496704a47ee8ffe,rr5c95779ba5820d4a47eb7d84,N,-
mrcrabs's home,5caac4680d820c7d8a9ad510,rr5caac4683c61517d8aa24647,N,-
abstract's home,5cadc344d21f7e62f0001d6c,rr5cadc3443445b462f053ae4b,N,-
absolutely's home,5d0725fdfdfd5350e9862f94,rr5d0725fd81a42850e9b1633e,N,-
gabgabs skyplaymat,5dfe3a541a116335d40d91ba,rr5dfe3a54817a9235d4022735,N,-
gabs chill room,5ae2158d2e928835f4f04dee,rr5ae3662663706c0f879a354d,N,-
gabgabs bookstore,5b27dbf54abb476f83749655,rr5b27dbf5a4276a6f8352d454,N,-
the black lodge,592a455eda8ad86513e1e315,rr592a455e591c5d6513e82df5,N,-
bittman abstraction,580efe586879b98313ff32fd,rr580efe586f828683139e111c,N,-
mabs baby,6228d9c284814b047f764cab,rr6228d9c27733b8047f3e7583,N,-
crutabs's home,5ebb9fa74f92ca369038f118,rr5ebb9fa72d04c636907f62f5,N,-
hello mr krabs,5b9d0fb474ab370fa1f31ba0,rr5b9d0fb4b144bd0fa10619da,N,-
crabsmasher's home,5b8a23168c1fe36c98f34d11,rr5b8a231632c67d6c98380408,N,-
hexialabs's home,5bbbe06e9c0a871563cbab24,rr5bbbe06e7067a71563ae4ad9,N,-
abstack's home,5a3fa6ba8a087e8b135f82f9,rr5a3fa6baa388b88b1394b6c2,N,-
abstrkt2,59f012d517c9e4c513668d08,rr59f012d57c87ddc513363871,N,-
expermental labs,5aff843748c4c86176eaf8cb,rr5aff8437da94116176a43c3c,N,-
abstrkt3,59f01c762771dfb913ebad83,rr59f01c7696cecfb913df5a03,N,-
dark absinth's home,59b524df16c584d113fa99e2,rr59b524dfdf44a8d1132a294c,N,-
laabsm102's home,6258d3d7e6c7241c51585e84,rr6258d3d7bae6451c51bb5575,N,-
mr krabs's home,5b3052733dd91c0351edac94,rr5b305273f27da00351a118e6,N,-
rabscuttle's home,5b4df0058627de597d6d4e7a,rr5b4df005706cde597df47a6c,N,-
absintoj's home,5bad72d2411b6309a1661527,rr5bad72d266813109a16d841a,N,-
cabsystem's home,5c223034fbe56c6f83fe1902,rr5c223034e9e4706f831ddffe,N,-
absolutely's home,5d0725fdfdfd5350e9862f94,rr5d0725fd81a42850e9b1633e,N,-
absolutely's home,5d0725fdfdfd5350e9862f94,rr5d0725fd81a42850e9b1633e,N,-
bittman abstraction,580efe586879b98313ff32fd,rr580efe586f828683139e111c,N,-
chipabuser's home,5be88f32fec0f7275205ef12,rr5be88f32e65a242752984d33,N,-
felipectrabuco's home,5b5cf78d6ee6da4f94c10ac6,rr5b5cf78d8660f34f94325b66,N,-
dabudesign's home,59b209a7366f9bbd13426f37,rr59b209a7d57510bd13228d6f,N,-
abu zain-ali's home,5d94c813783d550630794db6,rr5d94c8134e2a8e0630336bed,N,-
acurabud's home,5d40a07b94d61e3d5bb5e22b,rr5d40a07b8f32cb3d5b6585cd,N,-
aksabulu's home,5a4a808230e6e6036637b796,rr5a4a808223702003669f746d,N,-
shia labuff's home,5a8b72c9a43187de0f8fa25d,rr5a8b72c9ebcd28de0fbd9aa1,N,-
haburik's home,5b4a39b07587e77a6d84229b,rr5b4a39b032f10c7a6dede8ea,N,-
babula's home,5bb0a962b82e8f7568c9be89,rr5bb0a962497321756838eaee,N,-
spooplonebabuguuscooties's home,5bc6ad1887175e1f35984ba8,rr5bc6ad18d0f69e1f3537992b,N,-
sirabus's home,5c2f7191fbec9a3178ec691f,rr5c2f71915cfc3231781d52b8,N,-
princeabubu's home,5c9d8e8c2ceadd65e1667e30,rr5c9d8e8c44119a65e101808a,N,-
chozabu's home,5cab4b61a46d045b678c6d33,rr5cab4b61c536f65b67a7d5d5,N,-
jayfrmdaburg's home,5cb37597346d3c790675d2d4,rr5cb37597d43ad279062d55f6,N,-
abdziabun1's home,5d2ced53cf98917c2ad7846c,rr5d2ced535ef8477c2ad9da6f,N,-
ayabuba's home,5d8ae773309ea4392c5a7ef2,rr5d8ae7735cca68392c33af2b,N,-
triciaabunch's home,5e3f3021a3a6473806f0c98c,rr5e3f3021f2cf753806312f6a,N,-
dabu's home,5fdc9ca66aad466387271f49,rr5fdc9ca666ab536387ea3d05,N,-
abujahal's home,6048d29c034d6216467b807f,rr6048d29c850c2e16469521f1,N,-
sabuaka0313's home,643c1a450b1d8f1b5c0d4626,rr643c1a45ea8cd81b5ccfbbd6,N,-
the duck's beach,5e73c2fe5e8faf6f5ffed2a4,rr5e73c2fe043faf6f5f532d35,N,-
rusty manufacturing,5c2b1aa68d4a2405612478d7,rr5c5f2b757f4da20552f6c254,N,-
futurist,588413ec8928b4d8327061ff,rr589544ca2086ac8513e1f168,N,-
factory,58ee7e405051551c10dd3e25,rr5a594a663fbd0f941371bb2e,N,-
space tennis,5854ccb19a68103f1da79974,rr5854ccb1fad3973f1d1cc52d,N,-
soda's spaceship,5cb143f1fb0ce72671539eb3,rr5cb143f166f5e3267152470a,N,-
redacted,587a4d3250243a5314e471fd,rr5882f718fe742d631377bd7a,N,-
target range,57e27359406966d70fc7c694,rr5880cbfd56cdca871336b3e6,N,-
golds backyard,5c63662330952e33b6b39afc,rr5ee681e950605d0641e3dd5c,N,-
academy,5eb878a33691ed5fad1be100,rr5ee24ac6d022cb504bd3a050,N,-
coderfactoryacademy's home,59d1a19fcaeb44252f188eea,rr59d1a19f8d1ee7252f89a451,N,-
starter ground,5b8d6ed14aefb70575b3fe50,rr5b8d6ed1dfc13d05751c7211,N,-
psycho new homeworld,5a2317d853ac21af139c269e,rr5b670ff5c80bc64ac63cab4a,N,-
djaccity68's home,5fae0e23dcb5d426e2714c3c,rr5fae0e236cf2b226e21b2719,N,-
chewbaccahb's home,5b8765fa1d4ef47e760e8931,rr5b8765fa7680f17e76ef0012,N,-
accept's home,6141faa3dc8bd41c67f9f091,rr6141faa3fb5ec21c67fb26a8,N,-
accounting,5a02407856f254c213b1516c,rr5a02407f7d871c8613350197,N,-
emanuelemacchia's home,5dd1a32950f33a06253bbba6,rr5dd1a329e29fee0625eac05d,N,-
vacccine's home,5d3d3163ebb482062c8d94f7,rr5d3d31638e702f062cfb13bc,N,-
accehn3atop's home,5bf3b12f75b22a64fb6e005b,rr5bf3b12f1df35964fb6ead90,N,-
mikesaccocci's home,5b82091d2ad1da0573d062ce,rr5b82091d61e38905735ade5b,N,-
asbaccouche's home,5a6cb57d8abe21e70f9eb28f,rr5a92aeb47e0ea08f13cf94ef,N,-
chew6acca's home,5ec5ad9974a64638098591d5,rr5ec5ad992a65353809fa259a,N,-
mrracc's home,62a634c546831b12be3d63e1,rr62a634c52fee6012be733073,N,-
spacca26's home,607dcda7872d1725a96aa87f,rr607dcda7a2f28c25a94d53e2,N,-
madgeraccoon's home,5c3158aa767dc1055a36b02e,rr5c3158aac03929055a3d8973,N,-
red the raccoonn's home,5c490e96038f6528d5d1df41,rr5c490e9628ccf028d5896509,N,-
bigsnacc 's home,5c677176055f1e3cb38d748a,rr5c6771768152f53cb32426fd,N,-
accatac's home,5cce2a2a4ea66c64cf6fc5f7,rr5cce2a2afa490764cfa01d7c,N,-
soobaccacole's home,5e1b5c0b6d8eca4f5d1a6b4e,rr5e1b5c0bba1efb4f5d34284e,N,-
pagliacci's home,5e1e53eac10df80627a508e2,rr5e1e53ea4e8cef0627358fad,N,-
tobacco sauce's home,5e26651a4284b5061fe2457a,rr5e26651a29f27d061f703c4e,N,-
acchan's home,5e7a8af7c293a4062b0790bf,rr5e7a8af7d568e8062b24c4a1,N,-
zaccarpenter's home,60999b2de06d7d054658337e,rr60999b2d15a87f05465674df,N,-
accept's home,6141faa3dc8bd41c67f9f091,rr6141faa3fb5ec21c67fb26a8,N,-
dari's cave,618b1f4eb89b5965db15fa25,rr618b1f5d4afcaa65e31323e3,N,-
the deeper cave,61aecaf18401ff74fa2db0f6,rr61aecaf1a187b974fa56b721,Y,618b1f4eb89b5965db15fa25
kids place,5b4948dc66a37d7a60ae6be6,rr5b494a0aee1f8e0271f0dc3c,N,-
hangar area,59610dfcb020dbda0a03aa23,rr59610e01fcfa8fe7136bb43e,Y,5807cb34acb6a8d213766d6d
the shelter -surface-,5807cb34acb6a8d213766d6d,rr599dd8fa500aa5a662a7da1a,N,-
space stuff,58848cfcc033f7721344dd62,rr58849380b7bccb6c130d5a81,N,-
my place,581e697ee403ec4013758ef2,rr582359d7ba7120031012ab94,N,-
zw - space 1,587d2e45515eb2971395ad1e,rr587d3e51dbb9cc1510c172b5,N,-
anyland ship,5a8f369e64975dac5cc639f9,rr5af8bf67b4bac26b26a56899,N,-
space craft,5c2f9e8c8436ee6f7daa6f4a,rr5c48b465770bce01956696c1,N,-
the-house,580d08ce5f83057137504b77,rr580d08cee7e2767137f732af,N,-
b minor music,583ca16fab2c7b13101288da,rr583ca16f3a53481310cac34f,N,-
alterspace,597b15a1e5085fcd1342ef44,rr597b15a1dbd736cd136ccc48,N,-
thunder rift,57f70a592b91e14a13bb6dfe,rr57fab249dde2c0e915bfa995,N,-
cathedral of philipp,5aff6f8e48c4c86176eaf8c8,rr5d7c9639b2202b392b61960a,N,-
0x22bs rainy spacerock,5c0144251171b26459736b1d,rr5c014425f1c41d645999f720,N,-
heavenly acers,5f02259170a94e3463cd6ef0,rr5f0225917842ce3463f0e066,N,-
acer099's home,5b6af82e05fd724b8fdcfa3f,rr5b6af82ec435bb4b8f0990d6,N,-
acerref's home,5cefb8683090e6062d81009a,rr5cefb8687b5cab062d4d0593,N,-
racerparel's home,5e73df78cd9d903f90695311,rr5e73df78e5cd793f90e90fa4,N,-
acerealbowl's home,5e8d474cdc147834d828e5a3,rr5e8d474c6cf2b634d8073c6d,N,-
tux0racer's home,5d928253a1cf1e392b56b1e1,rr5d928253b2202b392b619714,N,-
ebolacereal's home,5c0bf74cfbe56c6f83fe148d,rr5c0bf74ce9e4706f831ddf0f,N,-
airxxdeadspacerxx's home,5c39eba54d67fc6f6092006d,rr5c39eba5ca91966f60d87817,N,-
fujimi4racer's home,606c0cb035c4371f74bb902e,rr606c0cb006aa9b1f748ca689,N,-
cadaverous laceration's home,5b35c1bd7ca46207ae99ad9d,rr5b35c1bd78a05007aebf0760,N,-
cheesythefitnessgrampacertest's home,5bac0aaf841bf50573401756,rr5bac0aaff83ac20573968d9a,N,-
racer8412's home,5bf0bcb818acf6055fd85957,rr5bf0bcb85307a2055fd28724,N,-
acerkacke's home,5ce6c92ba89f2e52a40ff5f2,rr5ce6c92b34600752a4c5a412,N,-
bykeracer's home,5da28076288c857ffcc8729f,rr5da2807643f54f7ffc6866e1,N,-
rockyracer's home,5e0e1a7a32c661062619f392,rr5e0e1a7aa662f10626513fc8,N,-
tobiascaceres017's home,6463feb15e90b026601573a3,rr6463feb19471ff266006328f,N,-
the museum of human achievement,5a52c207b7c78e2077c463e9,rr5a52c207d363552077f8919a,N,-
the museum of human achievement,5a52c207b7c78e2077c463e9,rr5a52c207d363552077f8919a,N,-
synthacidalx's home,5a20a20d003dfa2f26431f39,rr5a20a20df92a962f26148393,N,-
acidrunner's home,5b963e9d0b3821380d4c06ef,rr5b963e9d51aa8e380da7f65d,N,-
acid burn's home,5c90031d9295f84a81d29594,rr5c90031d62597c4a81d22d51,N,-
acidicskull's home,5ca1b559f7c19165da42f3a8,rr5ca1b559a749fa65dae9c936,N,-
acid14's home,63d5cdfc9c719a3d2f111994,rr63d5cdfc32bd7f3d2fe2fdd4,N,-
[--Processing wordlist: wordlist-2-dashes.txt---],,,N,-
overvisors home,58cf62417af7272910b9cec6,rr58cf62417a82352910bcfa5c,N,-
vr-mall-17080's home,5acdb61539876e0ff3adf3dd,rr5acdb615403dae0ff3781143,N,-
super mario 1-1 w-i-p,5d6ec8ad51d6f320afb50eec,rr5d6ec8ad7019e620af328e07,N,-
project-101,6175956e43049f05deb569a3,rr6175956e9c127e05dede587c,N,-
vrmove469-21-1's home,60aceb117971a1052442075f,rr60aceb116a6b8605240e2487,N,-
-1337-pasha-'s home,5b8a67c28c1fe36c98f34d1a,rr5b8a67c232c67d6c98380410,N,-
hef-12's home,5c38b346e0b8db3184f26b29,rr5c38b346e9808d318497b09c,N,-
anbu-115's home,5c86cfd2a6304e054bcdaaf2,rr5c86cfd208c4b0054b94cd0b,N,-
zach l 2k-102's home,5cc7b0ea8ea53c703a7fc242,rr5cc7b0ea584efa703a68a944,N,-
c4-180 jonathon h's home,5d086772fdfd5350e9862ff0,rr5d08677281a42850e9b16344,N,-
27-10-2021,61792517cd26271d46e30a4d,rr617925173755111d4672fb8b,N,-
ish-spaces-1's home,5cdac1c9b02ecf0eb36ee6cf,rr5cdac1c9e802470eb35b5db5,N,-
civ-1 andrew f's home,5c3d632226c7c305461a95b7,rr5c3d632234b1b10546115eec,N,-
vrmove458-20-1's home,606c53cb707c982a5d46f9d9,rr606c53cbb3f0282a5d04a671,N,-
abel1-1001011's home,5d62e90361d6ad062db2a8ec,rr5d62e903cf1a82062d4a5232,N,-
game 0-1,5ead89686526621af203e515,rr5ead89681fcca91af272ba52,N,-
ay-1983's home,5c29144bfbe56c6f83fe1a4f,rr5c29144be9e4706f831de086,N,-
rebel-187's home,59c2126d39d859ba19ed4de2,rr59c2126dbf5fd7ba19c61a9d,N,-
darkscratch-1,59080c2974f0172a581dbf21,rr59080c2972cc7b2a5801d6a2,N,-
teste n-1,58695f0c060161261026e7cd,rr58695f0c9bf2fb261078af17,N,-
chuckmax1701-1,5834aeeff39f25c413ccaa5a,rr5834aeefae6577c41323b4e6,N,-
savva-109's home,61c0bced0adb1f7286e913b2,rr61c0bda315b0740498a4954f,N,-
vrmove456-20-1's home,5fdc89d8aeb8196dbc6e6987,rr5fdc89d8572f0a6dbc6e925e,N,-
vrmove465-21-1's home,604319be5007e4549d6b1a0d,rr604319beaa5411549d458e61,N,-
vrmove468-21-1's home,6072dcece7af1d13ec90f004,rr6072dcece06f1c13ecf19196,N,-
vrmove453-20-1's home,5fda08e8cf1e5a79014da172,rr5fda08e83a03e17901d4a52c,N,-
rick sanchez c-137's home,5a745b92a97c8bec0fe9bb4b,rr5a745b92fab9b6ec0f59cb84,N,-
v-arena-1's home,5a79ae84f235dc123259aa17,rr5a79ae849e33f912321e9479,N,-
em-123's home,5adb41c51b66e8031dd12fec,rr5adb41c5c3bb79031d75e6d9,N,-
vr-mall-18035's home,5aff24c6d78e1c618291513b,rr5aff24c6d21b916182d19491,N,-
supershape i1i,60b1975f0431030526744f29,rr60b1975f4eab3c0526af79a4,N,-
vrmove468-21-2's home,608ae7541a461f0548a75194,rr608ae75412088a05481d781b,N,-
vrmove469-21-1's home,60aceb117971a1052442075f,rr60aceb116a6b8605240e2487,N,-
no-233342667574,5b17975899cab00f8e5e0a75,rr5b1797584e9bf20f8e42791a,N,-
27-10-2021,61792517cd26271d46e30a4d,rr617925173755111d4672fb8b,N,-
vrmove472-21-2's home,607ac57b872d1725a96aa7bd,rr607ac57ba2f28c25a94d53d4,N,-
vrmove453-20-4's home,5fd75cbc3ab044054d62b030,rr5fd75cbc97c54c054d2fcc96,N,-
vrmove452-20-2's home,5fd89f2013f6c40551ef4911,rr5fd89f20ccdb04055129ee73,N,-
vrmove453-20-3's home,5fd71915aa841e1a649a2e6d,rr5fd71915a287ed1a64ea6bb7,N,-
vrmove453-20-2's home,5fdc6655dfecd11a63fa4f17,rr5fdc6655bef86f1a63236b9e,N,-
2-vr-2's home,5cc400c6364a29481c937312,rr5cc400c61c0d06481cc425e8,N,-
darkscratch-2,590810af41ec6fbd13c95a2a,rr590810af5e763fbd13c01907,N,-
ish-spaces-2's home,5cdab4c5e7ff455da4720a6e,rr5cdab4c528d5715da4e8e5f8,N,-
3 1a-21 mod kyler's home,5c244e676e3e726e4f8984d9,rr5c244e67ece6ae6e4fd4a89f,N,-
kichuk-2001's home,5baf87dd0540571c39d1a2ab,rr5baf87ddd431c81c39ccb985,N,-
vrmove456-20-1's home,5fdc89d8aeb8196dbc6e6987,rr5fdc89d8572f0a6dbc6e925e,N,-
vr-2's home,6062f32d28825f05ed11485f,rr6062f32d28153905edfbc7dd,N,-
vrmove465-21-1's home,604319be5007e4549d6b1a0d,rr604319beaa5411549d458e61,N,-
vrmove469-21-2's home,6070362944753705488e503c,rr607036291935c2054879ed49,N,-
vrmove468-21-1's home,6072dcece7af1d13ec90f004,rr6072dcece06f1c13ecf19196,N,-
avto-276's home,5c1102b0fbe56c6f83fe1546,rr5c1102b0e9e4706f831ddf33,N,-
vrmove453-20-1's home,5fda08e8cf1e5a79014da172,rr5fda08e83a03e17901d4a52c,N,-
area51--2018,5b4a229ab603b802721075b7,rr5b4a229a4259320272dcc5ae,N,-
vrmove468-21-4's home,60707ae328c3521a11089a17,rr60707ae392f5f51a1125a3ed,N,-
beta-2's home,61c9bc499418307a265dd5cf,rr61c9bc49fd2cd37a267d1c68,N,-
vrmove473-21-5's home,60d07428b844850525eef9b3,rr60d07428f7af46052588f083,N,-
vrmove473-21-3's home,60d35eabe04d53052b725b2d,rr60d35eab42cfbe052b6e68cc,N,-
vrmove452-20's home,5fdb1e22dc626728b5914582,rr5fdb1e222621fd28b590248a,N,-
vrmove473-21-2's home,60dc5afb5d8d66729f03d9b8,rr60dc5afb16fbba729f82e99f,N,-
diamonds home- dimension v-379,58f262f41b76660c1481248f,rr58f262fa59e196b3137ca48e,N,-
ish-spaces-3's home,5cd97ed756db2c0eba66d06f,rr5cd97ed751fb6e0ebaf82327,N,-
volcan-316's home,5bf745560c7e4e63ff0b4db2,rr5bf74556a618ba63fff16b9e,N,-
vrmove473-21-3's home,60d35eabe04d53052b725b2d,rr60d35eab42cfbe052b6e68cc,N,-
vrmove453-20-3's home,5fd71915aa841e1a649a2e6d,rr5fd71915a287ed1a64ea6bb7,N,-
n johnson 3d-30's home,5ac3c2234cd4370ff9198ccd,rr5ac3c223574aff0ff90b41f6,N,-
vrmove447-3's home,5fc3c44ea7212a7907185111,rr5fc3c44e39edc37907b88675,N,-
vinne  med-36  paramedic's home,5a80bd7076227a9113030813,rr5a80bd70340a9f911313215f,N,-
-31337-'s home,5ad9db46744e9e7c057169ba,rr5ad9db46911d4f7c0567a9d3,N,-
r-3-x-m-3-c-k's home,5bdfa0986c7bd80573685cc9,rr5bdfa0981d609c0573fbf65f,N,-
cc-3636's home,5d3692bcbb4e967c30032f34,rr5d3692bc0b94447c30727851,N,-
ex-3p0's home,5f129133bc1b58604f6ab9eb,rr5f1291335ed018604fbabc7e,N,-
the-3rd wheel's home,5fbe04310e0bc507153c3e5c,rr5fbe0431da816707153a0065,N,-
gamma-3's home,61c73fc6f06701048f7b07cb,rr61c73fc6875f51048f84200f,N,-
1-900-490-freak,5bba3685415200452c899bbb,rr5bba36854e2422452c915330,N,-
despacito 420-69-420,5bd36aa958547c3a12f1bd51,rr5bd36aa9d238c23a12e69113,N,-
ani-k-4real's home,5beffc8e8a41dd65026eb0cb,rr5bf0454c826c5a6779980858,N,-
vrmove468-21-4's home,60707ae328c3521a11089a17,rr60707ae392f5f51a1125a3ed,N,-
srga-42 rus's home,5af3d6f182098349ce5f1ee3,rr5af3d6f136aab649ce133762,N,-
vrmove447-4's home,5fccbacbcf1e5a79014d9fb2,rr5fccbacb3a03e17901d4a51a,N,-
a-for-4cc3ss's home,5b66086cb6b2304b8934e6b4,rr5b66086c8aa9564b89d92bda,N,-
admn 2k-47  dep chief hopkins's home,5c8e46761126c21f93e49ed3,rr5c8e46762e2da71f93643b6f,N,-
killer-454's home,5e7408bb29f4f9062beb9399,rr5e7408bb76b440062b7a2789,N,-
vrmove473-21-4's home,60d060d358940f0525cbae92,rr60d060d33122e40525a0a5ea,N,-
x-51's home,5d2e664b49c99a0763e48982,rr5d2e664b304eaf07635463c4,N,-
area-51,5a14a6177711afbe131eae5d,rr5a14a61726eef2be137eb4c9,N,-
thejester-501's home,5b1e9165de19ef1e646df984,rr5b1e91654daab51e64f94dd5,N,-
cyj-508's home,5acf01aff2aa3e13a3d2c35a,rr5acf01af248cf313a33624c2,N,-
aa-51's home,5d6ed253288c857ffcc852c9,rr5d6ed25343f54f7ffc686311,N,-
despacito 420-69-420,5bd36aa958547c3a12f1bd51,rr5bd36aa9d238c23a12e69113,N,-
pif-paf-63's home,5beeef9b504472055820cc5b,rr5beeef9bf5bd5e05584e3b91,N,-
gelida carrer major 5-7,5f00cae0b4ddfc3ecd2fd634,rr5f00cae0fd48ca3ecd921845,N,-
item shop,59bc8ae9c8d51bcb136c313c,rr5a7f8b71236cc7323b6bf753,N,-
7-75 dempsey's home,59fe753e828978497f7d222e,rr59fe753e7457eb497f0bceec,N,-
natalyna-78's home,5f40899bde2ef4061f16c74b,rr5f40899b107cd4061f038c55,N,-
station-7's home,5e2b90bdf349cf24dd87b2dd,rr5e2b90bd6a20dd24dd7f1549,N,-
anpan-715's home,634dfdd6c01b625a234752cc,rr634dfdd6d7b6b55a237ba824,N,-
station-8's home,5defeb978dc3d53a3f791cdf,rr5defeb97929aba3a3f3b7d85,N,-
tk-8495's home,5b12cf2b2486eb3bb693be73,rr5b12cf2becd4f33bb6e3bcdb,N,-
mustafa-hal--831's home,5b700fe9c0f02674cb918974,rr5b700fe9ed84a974cb4ec132,N,-
slepy-86's home,5e24d5ab6d8eca4f5d1a6d2b,rr5e24d5abba1efb4f5d34286d,N,-
tec-9 is op's home,5cb4eb61a05841056505654f,rr5cb4eb611b83720565a5c628,N,-
omnikill -9's home,5db7af6a463cde1159d69b28,rr5db7af6a92349211594561a9,N,-
jimbob-9119's home,5fd7c687fd33271a6b00d7f5,rr5fd7c6870be51d1a6bbaa094,N,-
wertyuijkjlohiur3245665675890467867890--,59a2a18ae7b2e3bc138b549f,rr59a2a18a3dbc14bc13771def,N,-
shirley0-0's home,5a864fed0fb9819e138743b7,rr5a864fed457a949e134da257,N,-
vrmove458-20-2's home,607959bd707c982a5d46fb90,rr607959bdb3f0282a5d04a6a5,N,-
vrmove470-21-1's home,60799ff5c995c3195f673eab,rr60799ff5881935195f6d2580,N,-
1-0 lounge,581f216979ee6d6113621b8d,rr581f21697bd8a7611349cdd6,N,-
-ep1- chads computer,5945625a5db1a5ba13a0b042,rr59484d3d5791157d13306cb6,N,-
vrmove475-21-2's home,60a4c157005ac9051fce6f77,rr60a4c1570dca7b051f619733,N,-
- -sa5or1- -'s home,611702e397b2fb0520e27106,rr611702e315db3f052084663a,N,-
house 2-0,5a515a23a3b189e50fa7bb38,rr5a515a23b73b5ae50f157ff7,N,-
balk 2,3-0,59bc0fa9390e683b11aa5965,rr59bc0fa975705e3b1162fdfc,N,-
serenity 03-k64,5a57e2c145574f6d13fcecfb,rr5ba99caad4ac751c2ca3354a,N,-
4-bit bug's home,618a36d330ca801654f9fc50,rr618a36d383f6c616540f3106,N,-
vrmove 445-2's home,6006b03dabe91e0554c6fc50,rr6006b03d979329055489e8ea,N,-
123456-09waswmjh7,5e77940fb026ad74b157025b,rr5e77940fd8e46974b1a1e79b,N,-
vrmove447-2's home,5fec7afaef4cdb3662a0a27d,rr5fec7afa4d03233662157b45,N,-
vrmove447-1's home,6067201d4e53f43a668c8978,rr6067201da7fc6a3a663cf164,N,-
bo18-g25,5b103e27b8c2cf1eaf800539,rr5b103e27061e321eaff81d3a,N,-
hb78-koserow's home,6353fa06d23a9d6a38af84b2,rr6353fa06ba8e6a6a388dd681,N,-
-africa-,5c6b6ce5445ad31c891bfa6b,rr5c6e3ac6287cbb055b8d4f13,N,-
t-a-w-s muilty tool,5893aa1817d8871610b3dada,rr5893aa18080b0916101635a8,N,-
studio-a,5b2766554abb476f8374963c,rr5b323cb29dace2117fcd60b4,N,-
-agusha s bananom-'s home,5a5504140b06d882019392d9,rr5a550414fa2a90820196a574,N,-
indie-ana jones's home,5a41445c414199fc13a1b7b3,rr5a41445c82cbb0fc13a5b7d7,N,-
noob-in-aktion's home,5ace77e59c2e8c137ed000a0,rr5ace77e58af7ce137e795b11,N,-
queen-of-awkward's home,5b0d12ee3040760f694a3449,rr5b0d12ee279e9c0f694e4e6d,N,-
maze-apear,5cdf1e0cd62b6a0e3de29a96,rr5eeecbaf36279577fe2edeae,N,-
steve-angie's home,5ba2729c8249990f95f74dff,rr5ba2729ce8119a0f95a156d1,N,-
test-area1,5800c0289637d2ca146accb3,rr5800c0281b7de5ca14e717b9,N,-
da-ani-room,5c4d8ff6499f82018e489c7c,rr5c4d8ff6a8db20018e84145b,N,-
the almight any-ai,5a85f90725027c7313df0ff6,rr5a85f907f58f1473132cd0c2,N,-
oppa-with-a-choppa's home,5f289d5fdd4a4e605b5e0582,rr5f289d5f87290c605b63797b,N,-
no-action's home,5ca0403085bde60ab7415c27,rr5ca040308f09ed0ab7fdd8de,N,-
pyez inc go-away destination,5d7e06980abee8061e9cd2ce,rr5d7e0698d13062061e2dc48c,N,-
gordan-anvil's home,5c06b2ba0c93cf0550bb6f20,rr5c06b2bae727590550305257,N,-
this-is-a-world,5c81442cb8c6375009b09538,rr5c81442cb723935009739e8c,N,-
tony-avery's home,5c38e12cfbe56c6f83fe1e2d,rr5c38e12ce9e4706f831de15e,N,-
my town-and-chickens,5ed5471e46a3d37acf0b42f8,rr5ed5471ef5cb147acf2252cc,N,-
van-ay's home,5beaa79cdc3fa60563fad71b,rr5beaa79ccef9d905634a00ae,N,-
m-adamek's home,5daa2fd5aea4f606dc17e039,rr5daa2fd5b24cf906dc6b3904,N,-
totaly-a-bot's home,5d0f5de08f25512ea6c33d2b,rr5d0f5de07329052ea6e75444,N,-
whittle-away's home,5c69e460e3af6c286df14e0f,rr5c69e460b54bbd286daa9d0f,N,-
 sirry--andy,5bc3c9112d12b360fb6034ef,rr5bc3c9110de22560fbdd93f9,N,-
skele-bone's taxi service,5b42d571973f197f6b6db8c1,rr5fa0667bec3918052d58f120,N,-
the skele theatre,5a2e38b64466f7f61375c74e,rr5a3ddb99a87a081d102dd883,Y,5b42d571973f197f6b6db8c1
the skele park,5a543375349007357ea4f367,rr5a6d5f6068e0fa8b13343886,Y,5b42d571973f197f6b6db8c1
the skele lab,5b42f9efc395922606f3e9ff,rr5b57e34e882f0e41de6b90a5,Y,5b42d571973f197f6b6db8c1
the skele rave,5b46b127f1c4bf2989bcb6d8,rr5b9c3bd11dc6a305741b553c,Y,5b42d571973f197f6b6db8c1
the skele mansion,5b46b9fa9a52300f7fc110d1,rr5cf1a9a4464516062828337f,Y,5b42d571973f197f6b6db8c1
the skele isle,5b4ce217200cbd51641b381b,rr5b5f9d1f2766c51ee3e59b53,Y,5b42d571973f197f6b6db8c1
the-basement,5abc63c9693d7f13a3288741,rr5abc6435476faf138525581e,N,-
ima-builder's home,62b7def4f82d3305dd53a295,rr62b7def4061dbd05dd89f549,N,-
fieris workshop-building,5e54019f65f63f0697418c12,rr5e54019f47c77d0697538a2b,N,-
--beckz's home,5a9da283b0789f756dd8d609,rr5a9ee5ebb8be00e20f83d51b,N,-
dr-benro's home,5a22ff6c5df9ff5e284825a8,rr5a22ff6cede41d5e2843d158,N,-
krayzie-bone's home,60b550a275f2943086059a11,rr60b550a29de584308677ede5,N,-
totaly-a-bot's home,5d0f5de08f25512ea6c33d2b,rr5d0f5de07329052ea6e75444,N,-
badabing-badaboom's home,5d1d2c86568eae06163c7deb,rr5d1d2c86fd186a061660f3f6,N,-
poly-byte,5c2fe4895496586f5aa0ce24,rr5c2fe4895059776f5a087b55,N,-
dkd-boy420's home,5ad216f0f582980ff614cb2a,rr5ad216f0b4c5c40ff6905ef1,N,-
spidy-boy's home,5a339ce942e4ff6e526f5dc6,rr5a339ce93a5c8e6e52722bb6,N,-
bah-babah's home,59f9e377e8b4b1e213cc5fb3,rr59f9e377dab5fbe213ddffc8,N,-
spiderpig sneaky-builder's home,59eb670beea193aa5e7ed898,rr59eb670ba7ff72aa5e4677eb,N,-
lurker-beta-version's home,59b0c2e4380fd3ac7704b9f1,rr59b0c2e43a8fd7ac77babee6,N,-
zhar-bibl's home,64dd830b5e90b02660157664,rr64dd830b9471ff2660063302,N,-
two-bit bot's home,5acc162236fe5e13ab541af4,rr5acc16224e4d3c13abca39b3,N,-
unit-bt's home,5b1b1ca86111214f6a83b463,rr5b1b1ca8ea0cc14f6afd636d,N,-
icy t-bone's home,5bd3b80058547c3a12f1bd7f,rr5bd3b800d238c23a12e6911d,N,-
-bankaioff's home,5c9805b6d3511c055e2ad656,rr5c9805b62617ed055eb3ab16,N,-
l-boogie's home,5d1834adc16e71060b61c4ed,rr5d1834adcf6f13060b969709,N,-
p-bullskokoncz's home,5d406d0c07991a2b3f2fd3b2,rr5d406d0cb3e59e2b3ff78de6,N,-
fork-bomb's home,5ddf29471ea0d10d13f98e91,rr5ddf29478a94350d13483f28,N,-
washable-boy's home,5e28481ca35bc84f574c1757,rr5e28481c5589814f574bcc8f,N,-
prikolmen-b's home,5eaf2b896526621af203e713,rr5eaf2b891fcca91af272ba7c,N,-
tele-cookie dimension,58eb09ce1fedf3a913c33412,rr58eb09ce0b735ba913f31e72,N,-
scenic bus ride -city-,58567b88d000d91b106a51d9,rr58567b889181101b107aaecc,N,-
-check discord-,5db25e6adf459310dfd8c3fa,rr5db25e6ab336a310df00d6c2,N,-
vr-ception,5a6a2d5c73deee461a8b6ce2,rr5a6a2d5c47b16b461ad26916,N,-
chris-chan's home,5bffda7d4fbdc463f3f24918,rr5bffda7d0d959063f3d6aded,N,-
french-canadian toast  tradetf's home,5c20085a6e3e726e4f8983bd,rr5c20085aece6ae6e4fd4a86f,N,-
lord-of-cheese's home,5c43bab9aa9f2e2556003622,rr5c43bab97d49bd2556cb6d3c,N,-
anti-cow101's home,5cb6d9079d693770409040f2,rr5cb6d907d384a17040226691,N,-
dima-cs 89's home,5d04e7c1647528596e483a03,rr5d04e7c1ba21ac596e140cbd,N,-
arin-chan's home,5c0ac0ca5496586f5aa0c691,rr5c0ac0ca5059776f5a08796a,N,-
onii-chan's home,5a79e685d326c3ca33547e8d,rr5a79e685a7d4f7ca338c56b3,N,-
miss-c4line's home,59d5341cd188ce1710285f14,rr59d5341c2da48b1710e3934d,N,-
lord bobby o-jones-chrust's home,5a14bdfb7a0b98a51361382d,rr5a14bdfb57e43fa513e6b7b9,N,-
the ultimate soy-crab's home,59b3a36460011fbb7bb8c677,rr59b3a364359b91bb7b256f80,N,-
project-creation,5897524da501251a1041a8cd,rr5897524de85e301a108e7425,N,-
luisa-cruz8's home,5f2cba3611766f3186f9397c,rr5f2cba36f0ff3531868c1fe6,N,-
makc-cc's home,5dfb34a93e08030616ee333c,rr5dfb34a95cfaab061690f4c1,N,-
the maize-vs-corn debate's home,5d1d8635f3b7ba7888fab705,rr5d1d86357ad28678887735a9,N,-
pasha-cs 89's home,5d04e369d7e1467e737b7a26,rr5d04e3695f620b7e73ea14da,N,-
thiago-cruz27's home,5cbcf6b300bb16055da3b84c,rr5cbcf6b3a94373055d39d40e,N,-
ice-chill's home,5a6d139b4368308d134eef87,rr5a6d139b7e03528d13250126,N,-
-cc's home,5a5139e300dc2ee40f5b949e,rr5a5139e3ee7cdee40f9a791c,N,-
mar-cus's home,5a0860a908f35220104bea6c,rr5a0860a91b5eb12010ff4613,N,-
saucy-couch's home,60e2fb3896d4a158a7f26e6b,rr60e2fb3868c25e58a7520ef2,N,-
slakter-chan muttmash's home,5a87c0705d9a327713eb3b7e,rr5a87c070cf45437713065d33,N,-
xti-crystal's home,5ae0c653e06bb23447cb6739,rr5ae0c65387915034471e43fa,N,-
tlbig-chilllt's home,5af1fa0f03f5447e6cd506e9,rr5af1fa0f2daa1a7e6c55a711,N,-
enterprise-d bridge,58921e26b366a1a9136bb17f,rr5893d6db90241e7761ef45b2,N,-
turbolift,5896a90e4a463f7e138d3672,rr5896a913a39c827e13ede145,Y,58921e26b366a1a9136bb17f
doru-doru,584436d37a3d821610b1646f,rr584436d383ccb41610a875fd,N,-
any-dungeons,5bbd166dce29a14590e4e2b1,rr5bbd176fc2eabf0578e12e4b,N,-
anylan-d gallery,57fb23fe35976a7f1520f192,rr57fb23fe6fe12a7f15fbbe96,N,-
v-o-i-d's home,5ed0673eb98d2e793f70b4d8,rr5ed0673ed864fa793f71f958,N,-
sir torretas exe s key-dropcom's home,5f787330148e0b3fbed37692,rr5f787330dfed3f3fbe40027d,N,-
jakubnowak2004 key-droppl's home,5fac2d8623193144ec17acb5,rr5fac2d863d905f44ecda631e,N,-
-ns- live-or-die's home,607603a12d4a660541dd1f31,rr607603a189c7cf0541da5749,N,-
kunigunde-von-der-heide's home,611febaa584ca53be0e72690,rr611febaace9eae3be03b7be3,N,-
dr-dorito's home,5a65b57796aa09de0fce44e6,rr5b793c876d5c212d68687188,N,-
-doobs's home,5ddcaa6f4c549232dd02f6fb,rr5ddcaa6f58460d32dd12e4b4,N,-
keelerd-d's home,5b8ddb2e91063605701b0eed,rr5b8ddb2e9beaa8057001fd4f,N,-
the beckst  b-day on the 28th's home,5a3f4df98b8047d113dd5c2d,rr5a3f4df92c3359d11382d0b5,N,-
kawaii-desu's home,604432207feebd550a1fcf43,rr60443220db4831550af1af67,N,-
e-daz's home,5dfa7a91638f3a3408e514f2,rr5dfa7a91751f3734080c5812,N,-
key-droppl magicznyszop's home,5bd581703aa97f65ea76a6cd,rr5bd5817055bfde65ea32b614,N,-
-dark rebellion-'s home,5a20bd091b9701ac13fdbec0,rr5a20bd095113fcac13c7f89a,N,-
scooby-dooby-doo's home,5cad4bdb9d085c5a5ee7d6ea,rr5cad4bdb4d27c05a5e108a8c,N,-
denis-deny,62544d1f0d5a081c45bffdf8,rr62544d1f8ef6171c45600292,N,-
virtual rift-drifter's home,612a7b53748c6e1e6c7b05b5,rr612a7b535a36761e6ca90cf0,N,-
bjarke-dk's home,6179479b1536b91d3d8748c9,rr6179479bfd8b491d3d571ec4,N,-
duong-duong's home,5aac9fa0842da60fe85f1e1a,rr5aac9fa03741b90fe89e1902,N,-
eazy-d's home,5ad6113091573d55e468400f,rr5ad61130737ca555e4a3f61c,N,-
kacperuh2226 key-droppl's home,5b97d992ac567a0580c8a480,rr5b97d9923de190058053e19f,N,-
key-droppl dogrypl's home,5ba78208e7df630564a0af82,rr5ba7820824fc5c0564f87d60,N,-
laiter key-droppl's home,5c9b5c1bb4231926ef24d0f9,rr5c9b5c1b5613be26ef384b25,N,-
birtos key-droppl's home,5ceae4704adee50e30245a85,rr5ceae470358db40e309a963d,N,-
treb-dick's home,5d1556b6d5de7e3514b0cd95,rr5d1556b640ec9935149e0c9a,N,-
mysonkings key-droppl's home,5d715014a1cf1e392b56a482,rr5d715014b2202b392b6195a5,N,-
wall e and eve,5973e0a5e6875aac13116b91,rr59748e8071d6e5c1136fffa1,N,-
-exbower house-,5945d0c10d814cf44f429a61,rr595097140f91b6a91326bd94,N,-
new-era-land,58f0732769ff53e513d41e5d,rr58f0732766ff6fe51313edbc,N,-
axiom ship - burn-e,5974f3f996c1fd2b10019f5f,rr5974f3fd36d5a4c61328eff4,N,-
gus-eason,5e1f1b0c7b0d5a0626a720d4,rr5e1f1b0cb19af806269a2650,N,-
lynx-eyed's home,59b576176f94dcc17b6f5ba0,rr59b57617835bb1c17b35bc9c,N,-
mik-ello's home,5f8b7539fe99c863186d275e,rr5f8b7539cee395631815850a,N,-
tanis the bastard half-elf's home,5be8a4ae4d8a4828782d0c52,rr5be8a4ae720fd4287828d6dd,N,-
arm-ed t-rex's home,5add31ea608b460fc982a1a2,rr5add31eafb4fbd0fc9b9e243,N,-
cook-e's home,5c51f7b0ad820c23772b25c7,rr5c51f7b0d7a29f2377ff7a1a,N,-
tokio idle-empirecom's home,5f4898257f0c75061906784a,rr5f489825cd826a0619dba21b,N,-
idle-empirecom chuckle 2's home,5f9ec915fe99c863186d3be1,rr5f9ec915cee395631815867a,N,-
just-emsee's home,61211fa5c032704df2650432,rr61211fa5b498ae4df2451a31,N,-
axe-equals-face's home,62df0ff92059151eef5670f5,rr62df0ff9245e7a1eef7a6638,N,-
greasey cheesey,5c8966b6c528704d9cd9b88b,rr5cb146f99ef751481de4c5d8,N,-
sci-fi board rpg,5a7099361d0e6c12275feae7,rr5b96f380719b5138185da4d4,N,-
nuclear-fission's home,63ddc8d9e980c1563f8f899b,rr63ddc8d946d5d5563f05eeb0,N,-
tender-foot vazkez's home,5c51c51fbe0af8055d7fc00c,rr5c51c51f98c8e7055d7915b1,N,-
sci-fi bar,592b72407d4793c813ef1748,rr592b7240a1662ec813159b7e,N,-
neon city,59eada3cecdcb9b7130dfc7a,rr624904d128ddc81f7e6a91b6,N,-
birbys lag-free workplace,5df85da51072145bb97b0e9f,rr5df85da52baef55bb97a9f31,N,-
x-felix's home,5ab24172b8829f14930b2c02,rr5ab2417207ab0b1493108d14,N,-
sci-fi eden,5acfb9c24eafad0fe5e8088e,rr5acfb9c2f915850fe504db03,N,-
dragon-flames's home,5a9c9fb01f5b5ef313979783,rr5a9c9fb01bd786f313e4168f,N,-
tle the-fish-tank's home,5a43b4b4fee48c8114ec21ad,rr5a43b4b414f0a28114e41651,N,-
willi3000 be-fr's home,5bba220ab3301523d721fbd1,rr5bba220a26b8e523d7fc699c,N,-
red-frog's home,5bae85628ba7410579c117b5,rr5bae8562684d330579143521,N,-
ak-flow's home,5b80300ee06df428ae824ae0,rr5b80300ee8aea428aeb29b96,N,-
craig-frost's home,6006e51b6344ed5a966d437e,rr6006e51b19ab585a96e78954,N,-
gdd--rabiator--fbb's home,5b77320bab89c11aa72be143,rr5b77320b8fdf931aa7d7e418,N,-
daniel-felipe08's home,5bb266cde445b2756f2d6225,rr5bb266cd713108756f158979,N,-
d-feat korruption's home,5c30f9ce285ab86f59fd67be,rr5c30f9cee3eb3a6f5976b036,N,-
izka-f's home,5cb46b77bfde14791842cacf,rr5cb46b7796b96a79186bddae,N,-
x-files's home,5d3b5a9ffd0b123d54ea8c8a,rr5d3b5a9f0f57753d54a1e945,N,-
nadir-seen-fire's home,607a750e8d9770196560acd4,rr607a750eb8dc831965b12009,N,-
kenzo-fr's home,62434815bf980405e98f8aa6,rr6243481593150605e951f287,N,-
nebula-grid,58c29d09e23c0635142aacea,rr58c29d09659f5f35149c0f1e,N,-
nebulas grid,58c296131fee7628107389f1,rr58c2961318963b2810be3dad,Y,58c29d09e23c0635142aacea
master-gui future home in developement,5eba3eb793c40f0465254cb0,rr5eba3eb7f74f420465e834db,N,-
auto-generating world,5d55f7264e3a0d2b3799ead6,rr5d55f726d3eb782b377b50a5,N,-
club threshold,5c678efe4641a4055918ea8d,rr5e93e425b1212122853b6707,N,-
t-green,5a4110a15a5da71a1073d081,rr5a4110a1016bd11a105dd670,N,-
broski-gay3's home,619fd91e46b70d4e29ce528e,rr619fd91e19c3334e29f8b5e2,N,-
wolfy-gaming's home,600d6b0d207d8521365d4c3c,rr600d6b0d5abcf421367e72bc,N,-
toaster -ger-'s home,5b1d227b44d33e1e317eef2d,rr5b24f00c0381da0575ca1b5d,N,-
 k-group  liliannismo33 's home,5b649f4005fd724b8fdcf889,rr5b649f40c435bb4b8f0990b3,N,-
guffe-gamingdeez nutz's home,59ecade300058cdb13c9ee39,rr59ecade35ac9fedb13a7ebbe,N,-
mini-gamez,5c0255301171b26459736bab,rr5c025530f1c41d645999f728,N,-
2fjgcplcaff-gefr's home,5a4301fa0c604826109a0c35,rr5a4301fa8f118d26106daf52,N,-
luke-g's home,5a43ca766eb3b93115f72f20,rr5a43ca768548433115dcf14e,N,-
g-gore's home,5bccf9879608a533b3b30890,rr5bccf987b9da9133b3a8ecad,N,-
my-game-01,5ead89901e837b6aecf138b5,rr5ead8990fe74076aec503492,N,-
coe-game-lab-usr-grp's home,5d4433c36f1c39062f8ebc03,rr5d4433c394eb2d062f663ea3,N,-
leo-gi's home,5ae0961c33528c4100953b02,rr5ae0961cc29c8a410070155b,N,-
mi- -gi's home,59b4144c79ce72a513e72c70,rr59b4144cc47d7ca513eb4fcb,N,-
hidden-god's home,620ee2df0d5a081c45bffc8d,rr620ee2df8ef6171c456001fc,N,-
c0o0l-g's home,5a62dbebcfbd3fe30f4ff1b1,rr5a62dbeb981751e30f37e0d7,N,-
w-g fuggor's home,5c7fa7553a32ad7254f0d805,rr5c7fa755831ab97254b36e58,N,-
e-girl's home,5c802918d7bbea500a11f578,rr5c8029181d563c500a23e51c,N,-
chaos-gamer0709's home,5d3f04ac94525829c75caccc,rr5d3f04acbc480729c7b06e74,N,-
w-g jakecannon5's home,5d42263c94525829c75cad75,rr5d42263cbc480729c7b06e98,N,-
-gga- carpetdog's home,5dd99ea86a16870d5eabaaf3,rr5dd99ea85c3b090d5ef2943f,N,-
combat-hangout area,59ced49291ed32b013e58cb9,rr59cf4a78aa6f8dbd133162f3,N,-
any-heights hotel,5ac192949f5f620ff3b7b623,rr5ac19294e00c500ff3bfb2a4,N,-
-heartlessking-'s home,59fde8ba828978497f7d21d8,rr59fde8ba7457eb497f0bced4,N,-
frikakus-hungary-'s home,5bbf3ea3f5eaea057ae6ce64,rr5bbf3ea3c42b3f057a4bf986,N,-
blinding-hate's home,6084c93270e63705537adaf2,rr6084c93284bb6805534c26a4,N,-
harrison-hs's home,5c12783bae7a54055f8eb733,rr5c12783b8ca283055fe0df88,N,-
may-hem22 battz22's home,5cc36bf6346d3c790675d9e9,rr5cc36bf6d43ad279062d56c1,N,-
tally-ho's home,5b8eb024fb2c8b42be043314,rr5b8eb0240504d242be40e0a0,N,-
alex- -h- -'s home,59fcad74a26a9934100cc442,rr59fcad74046d3e3410a45903,N,-
psik-husosik's home,5aa6b3c4b292811393e1a590,rr5aa6b3c44406d513931ca820,N,-
xatom-heartx's home,5bea549f3151ff054bbad377,rr5bea549f063b03054b02c0ee,N,-
zach-ht's home,5c3d50d5a8cbee05532a370f,rr5c3d50d55c12650553875985,N,-
hemoo-habis's home,5cb9973aa13360482344ab4c,rr5cb9973a0fad2c48231d3a92,N,-
arc-hazy he hugs's home,5d0326e4aba30e2ad8777426,rr5d0326e4f4a2e12ad88a786f,N,-
obi-have's home,5d34275d2af5577924a377e0,rr5d34275db93b457924e65186,N,-
roller coaster -idea-,59c4316b7b39dd0115c26676,rr59c4316b28b0a80115d11b75,N,-
green hill 'w-i-p',5c6a09de636c692876543c4a,rr5c6a09de28463f2876894146,N,-
-ice- silentshootzs's home,5a80a21108d111d313cee4df,rr5a80a21133de42d313a84fdd,N,-
-ice- mrvapenation's home,5b82ae3f2a60d37af48c62fd,rr5b82ae3f567acd7af4ab0a6c,N,-
kornilova-io's home,5bf7dca575b22a64fb6e0125,rr5bf7dca51df35964fb6eadc8,N,-
i-------------------i's home,5a01c7de23b86c1f1022fa0f,rr5a01c7decb55811f10da25d4,N,-
i dont remember past--it the en's home,59f057dbe122ac2d674dcf44,rr59f057db5edff12d67fd39ef,N,-
kay-ingoahlers's home,5dc69ccef8f6211c5e4d8433,rr5dc69cce77c6e91c5eb065f6,N,-
zero-integral's home,5e750cc5d18bd43f91294d8e,rr5e750cc506bc693f915825a2,N,-
chesapeake-iliad's home,61ee8ba71bc8ab05cc22851b,rr61ee8ba769e1b405ccf531fb,N,-
mecha-joelioto's home,59ff89d72f08983d7fb71224,rr59ff89d72d21793d7f448bd0,N,-
creater area-jazz,57f76b43309f1141143c4ca2,rr57f76b435181b54114540460,N,-
ah-jae's home,5e9afa841f5bf36a0487384d,rr5e9afa8472b0c16a048cd31e,N,-
misha-jola's home,5cdd83d896010b604ee59ac1,rr5cdd83d8ed70f0604ee54b09,N,-
-jaymun-'s home,59f70d4685acc1026c661c4b,rr59f70d46ac7430026ca5ef4f,N,-
-jimiiii-'s home,5c13f3e18436ee6f7daa6959,rr5c13f3e186a1676f7d0e1002,N,-
ju-ju-m's home,5c9d3e90282f953b244f3d73,rr5c9d3e90c544fe3b24710447,N,-
dj-jay-j's home,5ca2e754282f953b244f411d,rr5ca2e754c544fe3b247104ca,N,-
-j3's home,5ce1ad2d59c7f8605a13b6dc,rr5ce1ad2d0e792f605a536a68,N,-
dj frost-juno's home,5da364281f8a41061e892cb6,rr5da36428019520061e91c340,N,-
kill the bass -ktb-,58f5bed3c944e3ea534a7f0c,rr59cae79eb286561114e209f1,N,-
the fallen ship,5b81f1b6a26b660e8e21b44d,rr5b8343ce6cb537490e62f7d8,N,-
leone-kyun's home,5d2b494c94cf497923bc8285,rr5d2b8638b93b457924e65140,N,-
 foggy-kun's home,5a42520e9be60b271002bd43,rr5a42520e2d7cde2710820886,N,-
yam-k's home,5b1365e5dbc4af03cb222b72,rr5b1365e5d9a64903cbf2b9f8,N,-
agro-krag's home,5a24b92b5df9ff5e284826be,rr5a24b92bede41d5e2843d1c6,N,-
kirito--kun's home,5b775351df43c51e874bd640,rr5b7753515760551e87e01d6f,N,-
-kommissar kek-'s home,5a70d988c01b8fad2709f80b,rr5a70d9885881f9ad277e2bc7,N,-
sting-kun's home,5803bd12b08a38b426139350,rr5803bd12deb8aab426b07262,N,-
ms-kittens,651dfa456388d6066e3b051f,rr651dfa45481c4f066e54164a,N,-
angry-kids's home,610133e5af655436fa3dc228,rr610133e5c59d5c36fae87310,N,-
fabian-kolbinger's home,5abbabe9cd9fb21367186803,rr5abbabe92542c7136715132a,N,-
kar-kark's home,5ae2007cf894a51377828fc0,rr5ae2007c77d5e31377df7139,N,-
kuma-kun's home,5b9f05d38249990f95f74d35,rr5b9f05d3e8119a0f95a156b4,N,-
dusk-knight's home,5c104e687863da6f76f38560,rr5c104e68dbd6db6f763cf333,N,-
red-river-king's home,5def38619f233b33fb093aea,rr5def3861feb40533fbabe182,N,-
marionaise-kun's home,5ebc3c16aa855e062bdb9115,rr5ebc3c162d37b8062bb40a37,N,-
kinglordlelebeefman-kuntoes's home,5edac651a2b6ae5e58eeab83,rr5edac6517c3dfc5e5851dfcb,N,-
mister-kitty's home,5ff7309f467efe0543fca40e,rr5ff7309f79dcc90543ca09db,N,-
alin4ik-kolmikova9090's home,633827e3079c7648490b00a1,rr633827e3de60c04849c756f5,N,-
any-land elevator,5a066f7f7319a6bc135d5ff4,rr600657c7276824304e96caa0,N,-
any-land avenue,57fee50fe37a7c3b13ed4373,rr583a615f9e467f00770e527a,N,-
charles-louis napoleon bonaparte's home,5e46e3b85acb892877a40dd1,rr5e46e3b8378eec2877e025b4,N,-
froghouse-lab,58812f74356530e130a38b8d,rr58812f743b0a55e130734ad7,N,-
crash-lord-159's home,6167086c1536b91d3d874816,rr6167086cfd8b491d3d571e84,N,-
ho-lee-smokes's home,6198e23a60da8b05ce4af6e0,rr6198e23ab6dc3205ce80a94f,N,-
kris -liam-s workshop,5c37a56b573d946f774190ca,rr5c37a56b2a02bc6f77aae65a,N,-
net-land,5d2b9135a9cba9353d831181,rr5fabf8cf6bcb40160af42fea,N,-
 the-lab,5882554a64e84b9f1349357c,rr5882554aaca8079f134e54a3,N,-
 -uasa- any-land space administration,5a8cd8d6dbf8fcab13adf996,rr5a8cd8d6ac961cab137c5114,N,-
virtual-lord's home,5b931f6ed84ad52671587caa,rr5c034b5d574f3705544d1453,N,-
mrmaikiu  half-life alyx hype's home,5e78e5e36c543274a5b74633,rr5e78e5e3bb738174a52fd53b,N,-
anmo-land,5aeb8b07d112770f9ce674ff,rr5aeb8b07f75c280f9cb0ee24,N,-
janna-lipishina's home,5a62390442da095714f88d7e,rr5a623904434b5d5714dc9b62,N,-
mr-lerad's home,5e6e41ae9b4b04445251ed89,rr5e6e41aee621354452feb79e,N,-
samantha-lineback's home,5c8c0c055b98034bd3f5b5ba,rr5c8c0c052af8fe4bd38a2980,N,-
sergey-lermontov's home,5a10ad0ff26263fb138c8906,rr5a10ad0f60c7adfb133c2bc9,N,-
cow-lord's home,59da92f3455ab88213147699,rr59da92f3fc6c418213aa0960,N,-
retro-pixel-lizard's home,5b574408993ad9306dba96d3,rr5b5744085a9b6a306d83ef74,N,-
hlf-lifeblzen's home,63826c57154da95af48eb741,rr63826c571fe6ba5af4872718,N,-
playlist-lover  's home,61e848c05864a1787ead8851,rr61e848c0e1aa15787e483846,N,-
ll-likeaboss-ll's home,5a7778148dbed7e82ed66370,rr5a7778142b7625e82e97af34,N,-
--laki--'s home,5b315e89d6771c2c7dc89f66,rr5b315e89e952692c7de46d87,N,-
---lad---'s home,5df8f902adb9983a45456932,rr5df8f902e59f5c3a45376a1c,N,-
aes-mk0,5d978971a1cf1e392b56b594,rr5eeaf6b050c01a062f431e52,N,-
the rest-stop,5b9c77c531aa4871b6e9705f,rr60cd92bfd8758215f23c4157,N,-
any-marioparty,5c71ee2c7d32d0054b970010,rr5c71ee4887bb962a9fa78bb6,N,-
mario party board 1,5c73162426ec1d0e7c6bf22f,rr5c7316240bd50f0e7c7138ef,Y,5c71ee2c7d32d0054b970010
gun-mart,5e20f2bca35bc84f574c15c9,rr5e20f2bc5589814f574bcc71,N,-
c-mc inspector's home,5c8a8c4e139ba12ac3de6a14,rr5c8a8c4e4c82e22ac3a90cb3,N,-
ser-mogilo's home,5c978fbf3a06974a41cc6e62,rr5c978fbf6e5ee74a4158a20d,N,-
half-master's home,5d3c435cd28edd29c66853e1,rr5d3c435cbf977629c6b995a3,N,-
qc-marcus819's home,5e12093f1075140622464d0e,rr5e12093f479da80622c6cdce,N,-
help city,61b2b2f82988ad05ef36ab59,rr61db362ae85fd6788acec0dd,N,-
a-myth's home,60204a69be76b1625060b101,rr60204a69e006436250012d1c,N,-
star-man's home,5ceb0ee4d62b6a0e3de29e60,rr5ceb0ee46ea9570e3d00f61d,N,-
marti-marat's home,5c3b4e5b573d946f77419229,rr5c3b4e5b2a02bc6f77aae68f,N,-
jojo-mania,5e5c6ac41bc0c206339bed49,rr5e5c6ac4d578d30633b475c8,N,-
moto-moto's home,5ca7ed38ddfc0e17b3643dae,rr5ca7ed38fd482d17b3a083c8,N,-
cf-moto rider's home,5a730722951fdf6e13663765,rr5a7307226504336e131fd743,N,-
xxx-max hd's home,5a35327d6a11c9965310c00e,rr5a35327d2263a396534b2552,N,-
komp-master-s's home,616f0021da64e71d3fd38a03,rr616f00211187301d3f037884,N,-
elleke-m's home,620d1e65809f0605df646267,rr620d1e6514cb9f05df416f5b,N,-
sir-mash's home,5a984663d30bddaa132d9407,rr5a9846638b684aaa13753adf,N,-
hunter-moh's home,5b74627cb5d90701c192dac2,rr5b74627ce7b34001c1a95009,N,-
ant-man godzilla's home,5b882acfe653c4057dae16fa,rr5b882acf10d120057d8fb392,N,-
sebastian-a-m's home,5ba26e4de20e0462ce2ccf37,rr5ba26e4d45d9f762ce6591f3,N,-
anti-matter's home,5c5091bf1e2baa0564fb1787,rr5c5091bf362ea4056420d85c,N,-
frog-man's home,5c510078af9ca56c19392aab,rr5c5100783c5cc96c192742c2,N,-
help-me-please,5c590bc22f51671d92b0e0db,rr5c590bc206d68b1d92a49d7c,N,-
pace-man4's home,5c64b543c15a647765efe597,rr5c64b543e7979277650ee184,N,-
dragon-noobie,5d4e44de1daaf72b3d63d0da,rr5d4e44de3ead322b3d57cb96,N,-
jullien-neo's home,59bcd1c554e2521910a04459,rr59bcd1c533058c1910b43d85,N,-
j-normtmman002's home,5a6b295c3814c9f70f23a68f,rr5a6b295ccca6ecf70f1d2203,N,-
otoko-no-tenshi's home,5cf8ca3de401e0062b547c7e,rr5cf8ca3d7402ca062b7c1ab7,N,-
dawn-nku1228's home,5b8dbd27692c542d8b39d26d,rr5b8dbd27612b842d8b926243,N,-
nammi-namm's home,60a529fcceba660522b1bae5,rr60a529fc72cbff0522061f25,N,-
tech-nostalgic's home,5a70f32400cb3f80131a5ca1,rr5a70f32430158d80136446cf,N,-
poo-nami's home,5b0800a22486eb3bb693bc04,rr5b0800a2ecd4f33bb6e3bc8b,N,-
xa-nyan's home,5c12b92ee0b8db3184f262af,rr5c12b92ee9808d318497aed8,N,-
meshok-nogtey's home,5c69c14cfdff010552e49d0d,rr5c69c14c6f5607055299d95c,N,-
 mask  - killer-neo's home,5cbc420f8ea53c703a7fbe48,rr5cbc420f584efa703a68a875,N,-
cynder-n redrom the fool's home,5cd677e5b02ecf0eb36ee56b,rr5cd677e5e802470eb35b5d86,N,-
a-nameless's home,5ce0355fd62b6a0e3de29b01,rr5ce0355f6ea9570e3d00f58e,N,-
vape-nation's home,5d04be66aba30e2ad87774aa,rr5d04be66f4a2e12ad88a788b,N,-
miss-neverender's home,5d715cb0288c857ffcc852ff,rr5d715cb043f54f7ffc68631c,N,-
-novision-'s home,5e7e927ead82176cfd3ed8d9,rr5e7e927e408c3d6cfd1572b3,N,-
om-nyx's home,602a6dc81ffd3205140e6f38,rr602a6dc8967f2e0514688a25,N,-
nac-nud's home,611936288a49f8141767efd2,rr61193628e24fbd1417f48987,N,-
nae-nae-supreme's home,63b664fb69d7575af267ce2c,rr63b664fb8b15ec5af22ce11b,N,-
dessu-oka's home,621bceb10d5a081c45bffcce,rr63dfee2d3248a43d3cf58dea,N,-
proof of concept  - build-off,5ee26e9a6971e7504b5af152,rr5ee26e9ad022cb504bd3a051,N,-
bio-orbs,5de587fc1d8c360d572ec185,rr5de587fc5833ee0d57e4c6dc,N,-
co-operazune,5af186c91f9f9e677137e181,rr5af186c99161d867710d0dd2,N,-
  -o-  monstark  -o-  's home,5a54d38437214c8801ed0009,rr5a54d38417f1ea88011ac188,N,-
ita-ox's home,5ac7da67f107330ffb93e18e,rr5ac7da6752fdf90ffbff65d9,N,-
spud-one's home,5b563d50339d89154d3c43af,rr5b563d5044fd4a154de34aeb,N,-
co-owner m charles's home,5da5b65dfa01c70624c144df,rr5da5b65de7ff2206249ebdb7,N,-
scratch-o's home,5f791db72e39b42a35b1e85e,rr5f791db7618bc42a351cab47,N,-
slap-on my strap-on's home,5fa7bac257fe77050b7aa90f,rr5fa7bac2bc650f050bb324dd,N,-
any-pvp,5bbcf74fe3f51c458911764e,rr5bc0f6c6d511ad057372fffa,N,-
tau zeta-pine prime,5de2f6550e2c930623357b77,rr5de2f655a0c0f30623a1362f,N,-
ruben pt-pt's home,5cb276789a0164790c8ed6d6,rr5cb27678c7e439790c6343b3,N,-
-pepe-'s home,5daa7a526865a239b1bda937,rr5daa7a528ae81a39b153dd35,N,-
king-power's home,5deffd379f233b33fb093af7,rr5deffd37feb40533fbabe184,N,-
m-p's home,63125df0acd1261ef50dff7f,rr63125df04cff871ef5a6e143,N,-
g-pro f0x's home,5faf2b584d88530551955d21,rr5faf2b58b14a69055192e3c7,N,-
1st-penguin's home,634c8eacc01b625a234752b5,rr634c8eacd7b6b55a237ba822,N,-
funtimefoxyfromgj-pc vr's home,60d875fef52d5734b3bf42e1,rr60d875fe7dcf9a34b3dd9073,N,-
metro-police's home,5b015a7591e1f37fb24cedda,rr5b015a75bd8aac7fb24275ab,N,-
multi-player 2's home,5a946ce04fe549e00f914111,rr5a946ce0a24244e00f885286,N,-
jus-play's home,5deb91f97d9ea63a4640a010,rr5deb91f960e1303a46387597,N,-
-plr lobby,5b81bd4d17c45828a2ffd111,rr5b81bd4d450d8f28a27ff716,N,-
sik-pargelenis's home,5cb50bc18ccbfe267d384b1d,rr5cb50bc105aca0267d87653d,N,-
4ever-playerm's home,5bf848dec8f9ed644c7515d1,rr5bf848deb7748a644cac0dad,N,-
edge-pcbuild-01's home,5ad524be7db62241a4cac532,rr5ad524bedacdb641a449de21,N,-
-parzival-'s home,59efc78c5864562910a32fb6,rr59efc78c5bf60f29104c997d,N,-
--photex--'s home,5a99c4ac6a694a0071ba0bff,rr5a99c4ac5e32070071f6ab22,N,-
da -purple 1's home,5c42568a069c9e1e05bab047,rr5c42568acc952b1e05d96269,N,-
gudnutt-quel'thalas's home,5a40e4c6ce03f9fd651786f9,rr5a40e4c6e4a8bdfd6574a8ae,N,-
high-qualitygamer's home,5f31904e8fd5ec70ed1c7c79,rr5f31904effb22b70ed924ec3,N,-
n4cgos-con-quezo's home,63b32781d44b2405d9bab678,rr63b327818bf45905d9a54cfb,N,-
room of roses,5874380155fc4800106c0460,rr587438014ecc950010435fef,N,-
dark-reef,57f853574c2cb4e20fa37670,rr57f853578445b2e20fa49eab,N,-
classy t-rex's home,5ca77c6a008c8770b4a9e35a,rr5ca77c6a11b07170b4e85da7,N,-
evt-raptor 1 test facility,5a4a1b1b5a20c0a7138d9e39,rr5a6fb65739f630e30f852cf1,N,-
robo-reecey's home,5ced6572516cae604dbb2a5f,rr5ced657257dee5604da8e17b,N,-
x-rays's home,5de520e54c549232dd02f7dd,rr5de520e558460d32dd12e4e6,N,-
daniel-robinson's home,5fcf86b83a9a4728b4827358,rr5fcf86b875d1af28b4e9b0d2,N,-
b-r city,5ebef6fb7ecaa70631d0097e,rr5ebef6fbfcbf3306310d4daf,N,-
bionicles-rule place,5893b638fead5983131bac0a,rr5893b63861940483137735f9,N,-
gun-range,,,,,,,,,,5ea346089ea0494583f03963,rr5ea34608fa21754583c2440d,N,-
silv-r's home,5bde6d75bd9a3e1646c0f2a5,rr5bde6d75482549164652fb9a,N,-
maniacexe team-rocket's home,5efe1d7e040466063a10222e,rr5efe1d7e3bb732063ab712e9,N,-
the god-rock's home,5cdf7e06d62b6a0e3de29ac7,rr5cdf7e066ea9570e3d00f589,N,-
supergameryt csgo-rafflecom's home,5a2992d4ffbb5fcf329f297a,rr5a2992d4c7f4b3cf3236a1e1,N,-
d-rock's home,5c3a53bc7863da6f76f38f65,rr5c3a53bcdbd6db6f763cf5c5,N,-
-ray burst's home,58633a9404c6397513369833,rr58633a94ed35157513a9cb1c,N,-
x-rayduq's home,5bbe3992d044c0458f4903b0,rr5bbe39926a960e458fe48aac,N,-
-romkarom-'s home,5a55038c7898efe70f94110f,rr5a55038c7e3887e70f92cc0b,N,-
ghost-rider007's home,59f10fe6ab81a8e613c50780,rr59f10fe68b5dc1e613ba2a28,N,-
dmitriy-ru's home,5ace288fdfadfd0fe2af5db7,rr5ace288f057f420fe246d171,N,-
nl-rayman's home,5b8b8e348cb65905664ba7ea,rr5b8b8e345278dd0566546077,N,-
hero-rayan2007's home,5c1fbe35de19833185810396,rr5c1fbe3564ac4831856d6671,N,-
-reinhold-stiehl-'s home,5c8905283b8f7a524ac7359e,rr5c8905282728d3524af9fe24,N,-
food forest,584c609bde871e1013415d9f,rr584c609b44ee451013323f9a,N,-
laffy-saffy,5b373eb6abccce1970d9ceb5,rr5b373eb6d359811970622a09,N,-
toha-skay's home,6351488bd23a9d6a38af8492,rr6351488bba8e6a6a388dd67f,N,-
obama-sama's home,60b2fe7531d16205229aa688,rr60b2fe75e5083b0522c3fbba,N,-
v-spec's home,5de33c1f1ea0d10d13f98efa,rr5de33c1f8a94350d13483f53,N,-
waza-skater's home,5d356b7474304635373f2bed,rr5d356b7433272c3537b62316,N,-
video area -soda-,5fee69ddcc9d0f5760dccfdb,rr5fff30e3c1622d42cdf4ffa1,N,-
demon-s,591dbbc5576ae42810518c19,rr591dbbc5e8ff9028101e01a4,N,-
s-s city,59b9b6e8a769b5cc14ede9a4,rr59b9b6e8a90622cc14840890,N,-
donut-shop,59bd38179dbd868e13d65262,rr59bd3817e04da88e139a0cba,Y,59b9b6e8a769b5cc14ede9a4
physics-sync experiments,5b48d0732232670f7f95fdfb,rr5b48d073aa1e2c0f7f762744,N,-
treasures-space,5a271ee1b48b0c24107ba810,rr5a275f06f5d733a72e122d74,N,-
hi-struct,607b2bd610343c308c387829,rr6095416556bc840552d4f9e7,N,-
hogwarts-school of magic,5b10cd0ab8c2cf1eaf80056c,rr5b10cd0a061e321eaff81d4a,N,-
ether-sheol,5c967fb05b0b4b05635746c4,rr5c967fb0bd20a805631bc28b,N,-
swirvithan l'goodling-splatt's home,5a5bcace06379bee0fc68ef2,rr5a5bcacef6b74fee0f8142ef,N,-
a-star turing example,5f0e450dea182f27683677e2,rr5f0e450d3189cd2768cdda17,N,-
space-stuff hanger,58b887caff19512210d0a1b9,rr58b887cad27dc122108b1bd1,N,-
risd3d-student's home,59c5b7eae65ca92310fe468d,rr59c5b7eac6ab942310e96ee3,N,-
random-stuff,5b468ec0ce50490f78991d09,rr5b468ec0f138d30f78202f53,N,-
ali csgo-skinscom's home,5a576d57130b2f851469252f,rr5a576d5723d7588514134fa9,N,-
lee jong-suk's home,5a4fdea8cc6f4f8a13a27c83,rr5a4fdea88222cf8a13794f43,N,-
i-saf's home,5a40b93167888a1b10b67477,rr5a40b93144f4431b101d0a13,N,-
adventure-time,5bf9b5b48a41dd65026eb2cf,rr5bf9b5b4d5a9a76502231265,N,-
help-with-things,590392790fdd2cbc13cb158b,rr59039279e45d0dbc1363d549,N,-
anyland live,5b867bc97dc6457e6a58fe13,rr5b8ee56b962c9442c4c956d1,N,-
durval-tur's home,5b4a6449119e8d0361eb4465,rr5b4a64496da25d0361a855c7,N,-
faded-touch's home,5bb7df770d33dc10baba53c1,rr5bb7df77c54b3010ba7b7cc4,N,-
appelex-tnf-'s home,5bba692e0bd5d123c5561570,rr5bba692e77d9bc23c5ecec58,N,-
630777344's home,5be7e1604d8a4828782d0c19,rr5be7e160720fd4287828d6c6,N,-
frost-trex's home,5c4b87dd030fce74bda247f0,rr5c4b87dd25590274bd8ee341,N,-
no-theme park,5a3d389e0600be3510d5c944,rr5a3d389ef5a3063510a6dbd7,N,-
lynk-tec facility entrance,5fcc2eb5c1f28e28c1c4e5ae,rr5fcc2eb59a776728c11f4c3c,N,-
alex-tereschenko's home,5a64cdb1ef7c8c8b13454f56,rr5a64cdb1b298888b1354615e,N,-
nox-true's home,5ccd693f0f638a0555b41b4c,rr5ccd693fc9d58d0555291248,N,-
-trekker-'s home,5c8c12801126c21f93e49d72,rr5c8c12802e2da71f93643b47,N,-
vr-tn 1's home,5a9664feca2cd5eb0fa93469,rr5a9664fe34fd26eb0f1d43ff,N,-
mar-tian's home,59efabd1628494346602309a,rr59efabd1217c3934669be2d7,N,-
running-target's home,5b156db632ec18384a78a927,rr5b156db61ca05b384a2df2a5,N,-
bunny-tc's home,5ef268545563c50639c89a80,rr5ef2685465a9ef06391bce56,N,-
alexander-tillmann's home,5ef348cb63d0a94852f58b9c,rr5ef348cb9f2fbd485283bfc2,N,-
drunk-target's home,5ac6751f3ab9e80febecf0fe,rr5ac6751f7f473a0feb5bb1fa,N,-
--tercio--'s home,5cfd6d82ee91e4251e5a5926,rr5cfd6d8223726b251e7fd7f3,N,-
grin-torg's home,5a648682399ae76513b72096,rr5a6486820f77af65132183b2,N,-
bernie-test,5a2a0bc31991822210fa6a0a,rr5a2a0bc3ed77b92210800655,N,-
d-two's home,60fc786fe02a676e4cfbf35a,rr60fc786ff2153e6e4c085632,N,-
valut-tec0515's home,5a88a8403c15f2ff4df26075,rr5a88a840cdfd1aff4d096467,N,-
k-teto's home,5aadea49ca308e0fe90500e0,rr5aadea495da0850fe9fc2090,N,-
niff-tea now with vr's home,5b2514d51eb7450f934326c2,rr5b2514d546c7ed0f93e5fbdd,N,-
any-uno,5ae653d8a786af1361ad676f,rr5aedf372aec1bf7bdfe4e1c8,N,-
g-unit724's home,5e828d9cf8d7fb40f7ec9f98,rr5e828d9c2459ea40f73557c7,N,-
ninjagirl-usager  - ritalia's home,5a745b3fdd696ce00f9101db,rr5a745b3f2841b2e00f85d252,N,-
charades -unfinished,5c2ef79c573d946f77418e73,rr5c2ef79c2a02bc6f77aae5bd,N,-
gc -urbin-'s home,5ba2c0d831aa4871b6e97298,rr5ba2c0d8b55bfc71b60f5333,N,-
-udf- foxfenix's home,5bc2fd8b8acc13610d836413,rr5bc2fd8b664b04610d9a5f5a,N,-
trip-venture,585c3ddc806bb5a2143613ee,rr585c3ddc7d13a0a214090a25,N,-
sslue-velvet cake's home,5a20a93874e1d37916ab22bc,rr5a20a938bae60e791679e91a,N,-
u-viw 1's home,5babb183a2139d757a0be155,rr5babb18386d6ff757abda65e,N,-
free-vel's home,5c498844928d804874adc7ed,rr5c4988443dd3034874727926,N,-
might guy -v-'s home,5a944af7c6028f9b5c32dcfd,rr5a944af73c049d9b5c9db5d7,N,-
red-v 3lvir 07's home,60d6deeb5ea2c0271a1754e9,rr60d6deeb18216e271a6a9965,N,-
germanflavor-vi-vr's home,5fe393bea45fa72f7fc9d6cd,rr5fe393be6b2ce32f7f4c6f04,N,-
demon v-v's home,5d0ccb7df5e515061d84116c,rr5d0ccb7da8f4c0061d752d17,N,-
meme-verteidigungskraft eins's home,5e310e98a35bc84f574c1944,rr5e310e985589814f574bccc4,N,-
pete-venkman's home,5f974547d39d7c052df18a2f,rr5f974547ec3918052d58f0e1,N,-
pee-wees playhouse,57fb027a1e9793c01db54e0d,rr57fb027a311e64c01d6ac555,N,-
tdt-world,580581eee3fb09951321f808,rr580581ee6c4f6b9513bf4a21,N,-
dat-warp,5c7399e797ee906da589155c,rr5c7399e7fb88a86da56a259d,N,-
moon-watcher's home,5c5e38a6df37a9052f241316,rr5c5e38a6a9250a052fd5d2fa,N,-
t-wrecks's home,5cd10d705a43ec3a2c3da791,rr5cd10d704097073a2c1bd81e,N,-
tyroil smoochie-wallace's home,59dabefb218c0747168f7f97,rr59dabefb9fa5644716846067,N,-
mr pewpy but-whole's home,5bf5fe6fbf6b94055c861ae7,rr5bf5fe6fefd51f055c706aa8,N,-
-wyomi's home,5ce8dbdc88d12c0e372cf0af,rr5ce8dbdc417a1e0e378ac8bf,N,-
shadow-wizard's home,5dfcf337f4dd912b8de7bf5c,rr5dfcf337116f102b8d1774c4,N,-
jhm master obi-wan kenobi's home,5e0fa8b57d1863062c878c92,rr5e0fa8b5a8920c062c80065e,N,-
just-wf's home,626da6490d5a081c45bffe7e,rr626da6498ef6171c456002b1,N,-
tiron-x's home,5a2c8b16e63e241610bec0c7,rr5a2c8b163478801610380a40,N,-
arlindo-x's home,5bbc0897af26cf3e48ae7ea7,rr5bbc08979e53433e48e9ab5f,N,-
lochness- -yeti's home,5cb1511921bdca26726f576f,rr5cb15119643c8c2672986a00,N,-
dylano-yoda's home,5d0d14593ec26c100c45d577,rr5d0d14590a5c44100caebe10,N,-
-alex-yt's home,5d7e3f7d565d5720a3a6ae39,rr5d7e3f7d5d84dc20a3749221,N,-
home 2191,5aadfebf31aed613a6f1ac61,rr5ab74e692a936713c17ec946,N,-
lolololololoollololollpll,59cd1921f02ae32b1057a87c,rr59cd192170afd82b100d4f91,N,-
aqua-sama's home,59b1689a8dd27ac0135f07f3,rr59b1689a56cce0c01379ccef,N,-
unabomb- tom's home,59f377e68af9170d6c7b09e1,rr59f377e68308140d6ced49e6,N,-
2b-0451h-01 w williams's home,5ba18ed27c135b71bca7d5ac,rr5ba18ed2f0cc8071bc6dd39f,N,-
spb-aleksei's home,5c932fb9b1863030f4178cc3,rr5c932fb996ff7b30f4a20c19,N,-
sansancc-'s home,5c4520c76da22f58357317e8,rr5c4520c74f2f3e5835ffdc5f,N,-
lc-slim's home,5ddadecc7d882c0d5d532ccd,rr5ddadecca1031a0d5d182bae,N,-
-codedelyric-'s home,6241815d3693a105e7c24975,rr6241815d0573bb05e79209f3,N,-
beans in a band-aid box's home,60171ee811e60605a2d7cdf4,rr60171ee840263e05a22fb278,N,-
d-shop stingbert's home,5cada6f7fa7d30056d10f9ae,rr5cada6f7a5e85e056dbe5b75,N,-
bad-shot's home,5beb4647ad0fc62797b506ef,rr5beb46479c306827976e6e07,N,-
stoned- -  's home,5c509febbf62d23a2426c5ea,rr5c509febbb4dbf3a2493c0ac,N,-
ccee-01's home,5c6c1313445ad31c891bfaa3,rr5c6c1313e75e6e1c892615ca,N,-
raf-core's home,5d910270a997d87fe66e6810,rr5d9102703554fc7fe6007668,N,-
rusty wing-'s home,5f690718dcf6cd34b66b9248,rr5f6907181b18ed34b651e8e3,N,-
og-seemo's home,5ca54b6b1cef8d35dacd58db,rr5ca54b6b53c51135da1524ed,N,-
king-slaya49's home,5cb39e16bfde14791842ca45,rr5cb39e1696b96a79186bdda6,N,-
ring-tailed lemur's home,5dec76ce7d9ea63a4640a043,rr5dec76ce60e1303a4638759b,N,-
shhhhhhhh-----,600a3ed5cea1a605a5ea8c7e,rr600a3ed50292e505a54743d6,N,-
jai-006's home,5ba741b0e30015375ab98746,rr5ba741b09a0795375a4c0cb1,N,-
ghost boi--'s home,5d30db6d2ec3f47c239ff601,rr5d30db6d3947127c233283ac,N,-
khali-shi's home,5aa112635eb74a136ce32d4e,rr5aa11263056414136ce778ef,N,-
dj-siumoi,585ed09d4795926824c2c880,rr585ed09d9dd5436824991c5e,N,-
-mrj-'s home,5f1e8e5aca2cba6312e86ad8,rr5f1e8e5af772be6312beeb59,N,-
ywnhk-'s home,5cf673adb69e840634bff0f5,rr5cf673ad4b5dd4063404c42f,N,-
null-01 &&,5b5b8c1e3dac890ba1986d47,rr5b5b8c1e175f280ba12ec19a,N,-
null-02 &&,5b5b8cf6ee3e7a4f9b7702ae,rr5b5b8cf6a9f95f4f9b3fbc11,N,-
-salsareal-'s home,5af9ae5e6a62835a47c0d7fe,rr5af9ae5ec3a62f5a47aa617a,N,-
skull-'s home,614b87a346e04c05a31f57ed,rr614b87a336826605a373d1d3,N,-
cpttetris m-mop slippers's home,5f421fe1a5bc7c70e7e45f8b,rr5f421fe1e18a5770e7e41ce0,N,-
you have been banned,5811895b852f1b7513b7d6ac,rr5811895b326e89751353d7cc,N,-
torsten-sindermann's home,59f750d11c5693e913f6a83a,rr59f750d16ab814e9137aece1,N,-
soulguardian-078's home,59c554bcda87588e1f1c4755,rr59c554bc93dda88e1f04bd2c,N,-
zxd sho-shin's home,5ae5c9e9e8aa290f877f344c,rr5ae5c9e9205acd0f87a5ab59,N,-
ezo- area v2,59cd617798deeba92d3eb1ae,rr59cd617731f296a92d193b3a,N,-
ezo- home,59cb35397371a6241087d500,rr59cb353975e28224102e7a85,N,-
samucagames0205 csgo-skinscom's home,59d10c03701b5827104620cb,rr59d10c0305fdf92710ac0104,N,-
the red keep-,582143bc1e3e02bd13f94ab9,rr584f6e37003971e31369af5a,N,-
the workshop-,59d577b0b672bdcb13a0e205,rr59d577b01eccdacb13f7ea81,N,-
scp-096 csgolivecom's home,5a09fdbc516c212a100a435f,rr5a09fdbcd5fcc32a10211a83,N,-
vip-alienation's home,5c5769e0e5654a1d93452d3c,rr5c5769e00004ac1d932cc06c,N,-
hunterr-0's home,5cbb546c346d3c790675d6f8,rr5cbb546cd43ad279062d566c,N,-
-starfighter- jonny's home,5c86e2191580ac1e15624846,rr5c86e219f0da041e1534b5f3,N,-
mrkemper- 's home,59ea35f4e3655fd414d1649a,rr59ea35f42d366bd4140ecf70,N,-
-thomas-'s home,5e749372b6275d061f1dd089,rr5e749372e17d02061f19e9dd,N,-
city smash,58b0fb94398628301053b95e,rr58b0fb9b5b80bac7133aa52b,N,-
streets- 2 hour challenge,5a15a6a307c065d5146a4773,rr5a15a6fad526462910c143e0,N,-
tes--053,5c46245e8bf98d392e71aea3,rr5c46245e9346d5392e8b5a9d,N,-
t-shirt's home,5c45c55abda8570ebe7afdf0,rr5c45c55a3ae3800ebe816069,N,-
aat-stat's home,5ae4aaaf0f6d74134475b740,rr5ae4aaafa2e0f713445ca21d,N,-
pengu- -'s home,5bd4ed8e3aa97f65ea76a68c,rr5bd4ed8e55bfde65ea32b610,N,-
slsu-snam's home,5be1dcb184a2ff055bab0ddb,rr5be1dcb1321307055be5391d,N,-
eyw-015's home,5bdef75ef5c0f5163f4f83bf,rr5bdef75e3fe67d163f6eb47e,N,-
-sannex-'s home,5d0ea399a8a547101cbe00e5,rr5d0ea399d26513101c39ab6f,N,-
derpfelix-tradeitgg's home,60cddd84ccfeb905318f1dc4,rr60cddd84a4db490531df794b,N,-
grox-tony's home,614a4aac17398405baabeca8,rr614a4aac7ee46d05ba58ceb7,N,-
i'm so tiny---------,5a638b14029f9bed0f5e9ec4,rr5a638b148db406ed0f33607d,N,-
[--Processing wordlist: wordlist-2.txt---],,,N,-
